tx_hash,from,to,amount,token,timestamp,chain,seed_address,seed_is_known_bad,seed_label
0f633629c4e537469ac7fbbd78c85d6964629e7b17fd656237119ef4a090371a,TT3EDfsk4AfumVQ9mVXkx4BXpwQx3cu2dy,TJCnKsPa7y5okkXvQAidZBzqx3QyQ6sxMW,0.0,trx,1780581693000,tron,TJCnKsPa7y5okkXvQAidZBzqx3QyQ6sxMW,False,fraud
05665e16012e7dc2326fe1536c6c770285b640e9cc9772d0ec00b583dcc3c83d,TT3EDfsk4AfumVQ9mVXkx4BXpwQx3cu2dy,TJCnKsPa7y5okkXvQAidZBzqx3QyQ6sxMW,0.0,trx,1780581693000,tron,TJCnKsPa7y5okkXvQAidZBzqx3QyQ6sxMW,False,fraud
ac8aa8c3937e3f776c3192bd6ef92072f3d86c20b0dbd82e16dbc6401ebfd21e,TT3EDfsk4AfumVQ9mVXkx4BXpwQx3cu2dy,TJCnKsPa7y5okkXvQAidZBzqx3QyQ6sxMW,0.0,trx,1780581693000,tron,TJCnKsPa7y5okkXvQAidZBzqx3QyQ6sxMW,False,fraud
d6155bd779587fdb046f4967e50a9fa332727f368e9e1a102644196f42489c19,TT3EDfsk4AfumVQ9mVXkx4BXpwQx3cu2dy,TJCnKsPa7y5okkXvQAidZBzqx3QyQ6sxMW,0.0,trx,1780581693000,tron,TJCnKsPa7y5okkXvQAidZBzqx3QyQ6sxMW,False,fraud
bed1f67e486e823636a49fb7fd6fb2073d165e96668d5c726f4904d176eba8f8,TT3EDfsk4AfumVQ9mVXkx4BXpwQx3cu2dy,TJCnKsPa7y5okkXvQAidZBzqx3QyQ6sxMW,0.0,trx,1780581693000,tron,TJCnKsPa7y5okkXvQAidZBzqx3QyQ6sxMW,False,fraud
baaa8669e9713457cdad93de0c64ccb98c20f3ef6797c6a31a83495fccb359e9,TT3EDfsk4AfumVQ9mVXkx4BXpwQx3cu2dy,TJCnKsPa7y5okkXvQAidZBzqx3QyQ6sxMW,0.0,trx,1780581672000,tron,TJCnKsPa7y5okkXvQAidZBzqx3QyQ6sxMW,False,fraud
0510a714bc6a1ef8c40ea3dc92e8cdaaed797796e7c875b8e1ec24fc157c453b,TT3EDfsk4AfumVQ9mVXkx4BXpwQx3cu2dy,TJCnKsPa7y5okkXvQAidZBzqx3QyQ6sxMW,0.0,trx,1780581672000,tron,TJCnKsPa7y5okkXvQAidZBzqx3QyQ6sxMW,False,fraud
a5bc13a63a6fb5321642f64c7c045ed0459f87866d4e8606c39decd16b16afb1,TT3EDfsk4AfumVQ9mVXkx4BXpwQx3cu2dy,TJCnKsPa7y5okkXvQAidZBzqx3QyQ6sxMW,0.0,trx,1780581672000,tron,TJCnKsPa7y5okkXvQAidZBzqx3QyQ6sxMW,False,fraud
177fd4d0f85b9740baf702a4b6aae7d64f80beeb2d89a84f784e2f0660da538e,TT3EDfsk4AfumVQ9mVXkx4BXpwQx3cu2dy,TJCnKsPa7y5okkXvQAidZBzqx3QyQ6sxMW,0.0,trx,1780581672000,tron,TJCnKsPa7y5okkXvQAidZBzqx3QyQ6sxMW,False,fraud
977d7061ec89e0dbc95b725e7d2ce85b88ea34809eb1ca6d77ed7bedbc8d5f26,TT3EDfsk4AfumVQ9mVXkx4BXpwQx3cu2dy,TJCnKsPa7y5okkXvQAidZBzqx3QyQ6sxMW,0.0,trx,1780581669000,tron,TJCnKsPa7y5okkXvQAidZBzqx3QyQ6sxMW,False,fraud
b140d3db340d754407056adb6e7223ed572871fc32437c36416e8a01853a1ab3,TT3EDfsk4AfumVQ9mVXkx4BXpwQx3cu2dy,TJCnKsPa7y5okkXvQAidZBzqx3QyQ6sxMW,0.0,trx,1780581669000,tron,TJCnKsPa7y5okkXvQAidZBzqx3QyQ6sxMW,False,fraud
58d09bd12becb9060b5e3d77a5cb631794f516e9b97ba36b15421a50efd90869,TT3EDfsk4AfumVQ9mVXkx4BXpwQx3cu2dy,TJCnKsPa7y5okkXvQAidZBzqx3QyQ6sxMW,0.0,trx,1780581669000,tron,TJCnKsPa7y5okkXvQAidZBzqx3QyQ6sxMW,False,fraud
8f0ae68f81c874dd649490f2b94e3fe495194d57b342087940655b4fad51a53c,TT3EDfsk4AfumVQ9mVXkx4BXpwQx3cu2dy,TJCnKsPa7y5okkXvQAidZBzqx3QyQ6sxMW,0.0,trx,1780581663000,tron,TJCnKsPa7y5okkXvQAidZBzqx3QyQ6sxMW,False,fraud
e9539759e7d1cde4544e5d4bd0cf596a2d0058af22b87cd58016e3b2a8b5b891,TT3EDfsk4AfumVQ9mVXkx4BXpwQx3cu2dy,TJCnKsPa7y5okkXvQAidZBzqx3QyQ6sxMW,0.0,trx,1780581663000,tron,TJCnKsPa7y5okkXvQAidZBzqx3QyQ6sxMW,False,fraud
fd8ff698239c4957fe91eab8560cf291aaeee4a61f0d7300aff4b73f04954367,TT3EDfsk4AfumVQ9mVXkx4BXpwQx3cu2dy,TJCnKsPa7y5okkXvQAidZBzqx3QyQ6sxMW,0.0,trx,1780581663000,tron,TJCnKsPa7y5okkXvQAidZBzqx3QyQ6sxMW,False,fraud
f8dfb47a6888ed8d25f68b61ba1f8188ca0509e27d972b7c8eb250d03df05d62,TT3EDfsk4AfumVQ9mVXkx4BXpwQx3cu2dy,TJCnKsPa7y5okkXvQAidZBzqx3QyQ6sxMW,0.0,trx,1780581486000,tron,TJCnKsPa7y5okkXvQAidZBzqx3QyQ6sxMW,False,fraud
a60031b2a7160f9cfb37217e4cc71f532e57f30c5e50cbe3a43b63a058ce74c7,TT3EDfsk4AfumVQ9mVXkx4BXpwQx3cu2dy,TJCnKsPa7y5okkXvQAidZBzqx3QyQ6sxMW,0.0,trx,1780580790000,tron,TJCnKsPa7y5okkXvQAidZBzqx3QyQ6sxMW,False,fraud
9ec313de4a247546716faabef6e16e517325fd42a4d9e21b93a8b7af5745971f,TT3EDfsk4AfumVQ9mVXkx4BXpwQx3cu2dy,TJCnKsPa7y5okkXvQAidZBzqx3QyQ6sxMW,0.0,trx,1780580790000,tron,TJCnKsPa7y5okkXvQAidZBzqx3QyQ6sxMW,False,fraud
3f040750f4b0aa04c7ea2458dd7b56ae3bc9344ea545f45017611878b4f65986,TT3EDfsk4AfumVQ9mVXkx4BXpwQx3cu2dy,TJCnKsPa7y5okkXvQAidZBzqx3QyQ6sxMW,0.0,trx,1780580790000,tron,TJCnKsPa7y5okkXvQAidZBzqx3QyQ6sxMW,False,fraud
f8ba86783cebbb3f8cfb0090f2bada0562949e5504714c752f01f07763d58324,TT3EDfsk4AfumVQ9mVXkx4BXpwQx3cu2dy,TJCnKsPa7y5okkXvQAidZBzqx3QyQ6sxMW,0.0,trx,1780580787000,tron,TJCnKsPa7y5okkXvQAidZBzqx3QyQ6sxMW,False,fraud
7be59fdf736bf2addc10508efd9a5096b892aba3c801f97d42e41604d4085b41,TT3EDfsk4AfumVQ9mVXkx4BXpwQx3cu2dy,TJCnKsPa7y5okkXvQAidZBzqx3QyQ6sxMW,0.0,trx,1780580787000,tron,TJCnKsPa7y5okkXvQAidZBzqx3QyQ6sxMW,False,fraud
219a9b96271153de735995c215beccad11b3216339363c2868775b30c6354c16,TT3EDfsk4AfumVQ9mVXkx4BXpwQx3cu2dy,TJCnKsPa7y5okkXvQAidZBzqx3QyQ6sxMW,0.0,trx,1780580769000,tron,TJCnKsPa7y5okkXvQAidZBzqx3QyQ6sxMW,False,fraud
47678c6c67170c889341f09521f1d8710daf21db1a5476466e35f22125b72726,TT3EDfsk4AfumVQ9mVXkx4BXpwQx3cu2dy,TJCnKsPa7y5okkXvQAidZBzqx3QyQ6sxMW,0.0,trx,1780580769000,tron,TJCnKsPa7y5okkXvQAidZBzqx3QyQ6sxMW,False,fraud
e7c4be66911b206bffb7a3b1a7e10e7b681651b7f17fa303d2840beecbb10d2c,TT3EDfsk4AfumVQ9mVXkx4BXpwQx3cu2dy,TJCnKsPa7y5okkXvQAidZBzqx3QyQ6sxMW,0.0,trx,1780580766000,tron,TJCnKsPa7y5okkXvQAidZBzqx3QyQ6sxMW,False,fraud
9ee652f9a581395dd0c14006eb93bdcaf0c08f36bb3a22b5ab330ff9a6237aec,TT3EDfsk4AfumVQ9mVXkx4BXpwQx3cu2dy,TJCnKsPa7y5okkXvQAidZBzqx3QyQ6sxMW,0.0,trx,1780580766000,tron,TJCnKsPa7y5okkXvQAidZBzqx3QyQ6sxMW,False,fraud
404077c70882b2e03f6c9f8ff2c31a3e8ef6db6be6fa1f413c8e6f34d9eba7d7,TT3EDfsk4AfumVQ9mVXkx4BXpwQx3cu2dy,TJCnKsPa7y5okkXvQAidZBzqx3QyQ6sxMW,0.0,trx,1780580763000,tron,TJCnKsPa7y5okkXvQAidZBzqx3QyQ6sxMW,False,fraud
0ae624c3f21784315d3f712641d11276df3e033f9c911f3c407e7a49271893d5,TT3EDfsk4AfumVQ9mVXkx4BXpwQx3cu2dy,TJCnKsPa7y5okkXvQAidZBzqx3QyQ6sxMW,0.0,trx,1780580763000,tron,TJCnKsPa7y5okkXvQAidZBzqx3QyQ6sxMW,False,fraud
58ea88a4ff44d0ef7be2d19b7efd03fb4f0ee3e23bb8c9b337414b783f7776fb,TT3EDfsk4AfumVQ9mVXkx4BXpwQx3cu2dy,TJCnKsPa7y5okkXvQAidZBzqx3QyQ6sxMW,0.0,trx,1780580763000,tron,TJCnKsPa7y5okkXvQAidZBzqx3QyQ6sxMW,False,fraud
e9d8ba28cd643e4585aa10d9786de3704d4a62f5dca68794796dd47603d90520,TT3EDfsk4AfumVQ9mVXkx4BXpwQx3cu2dy,TJCnKsPa7y5okkXvQAidZBzqx3QyQ6sxMW,0.0,trx,1780580760000,tron,TJCnKsPa7y5okkXvQAidZBzqx3QyQ6sxMW,False,fraud
63c594c2e851871f83db37121bbd24205c488e89525e0f7812fca6b592028852,TT3EDfsk4AfumVQ9mVXkx4BXpwQx3cu2dy,TJCnKsPa7y5okkXvQAidZBzqx3QyQ6sxMW,0.0,trx,1780580760000,tron,TJCnKsPa7y5okkXvQAidZBzqx3QyQ6sxMW,False,fraud
1e84640da0401f8680b7231da94025139b4b0dabeffe66e7fb699ca315eb0b72,TT3EDfsk4AfumVQ9mVXkx4BXpwQx3cu2dy,TJCnKsPa7y5okkXvQAidZBzqx3QyQ6sxMW,0.0,trx,1780580760000,tron,TJCnKsPa7y5okkXvQAidZBzqx3QyQ6sxMW,False,fraud
a53c42a2e3a270b6fb84306350a62f9e200c04706aee6b51a6177061e1ea0b5d,TT3EDfsk4AfumVQ9mVXkx4BXpwQx3cu2dy,TJCnKsPa7y5okkXvQAidZBzqx3QyQ6sxMW,0.0,trx,1780580583000,tron,TJCnKsPa7y5okkXvQAidZBzqx3QyQ6sxMW,False,fraud
236d7e1f0184e441c36aeb94a5c7562fe156823ed097498666964b7413c3b3c3,TRsNEX7MjGtYoFAa4QnCXyM3F7eNRRWzRH,TJCnKsPa7y5okkXvQAidZBzqx3QyQ6sxMW,6.666666,6GCOM,1779297144000,tron,TJCnKsPa7y5okkXvQAidZBzqx3QyQ6sxMW,False,fraud
6cd4b1eca459df39718b15252a01d7b749c84ac6838614b7ba3d4845c6592158,TRzoshhSJwK9ABcTVR1hamPmNrEsSt2d5K,TJCnKsPa7y5okkXvQAidZBzqx3QyQ6sxMW,88.888888,Sunadss,1776258894000,tron,TJCnKsPa7y5okkXvQAidZBzqx3QyQ6sxMW,False,fraud
8c976d0fb60814b02cbbd89e37030c7159d3ea396c0b9e8214141b0d303265da,TQWmSuoAzBpQsWREd9DRh23atVrtXHJZDn,TJCnKsPa7y5okkXvQAidZBzqx3QyQ6sxMW,88.888888,SunHash,1773040554000,tron,TJCnKsPa7y5okkXvQAidZBzqx3QyQ6sxMW,False,fraud
6527dbf9f96b05b16e6ecc14826bb5a2984ab8acc78f67c80898855bc2326982,TWrgMdHMZ72cmQe3wqXDLgU25R7TTamg6a,TJCnKsPa7y5okkXvQAidZBzqx3QyQ6sxMW,88.888888,SUNGAME,1772697813000,tron,TJCnKsPa7y5okkXvQAidZBzqx3QyQ6sxMW,False,fraud
d1686fd34039556a70b5cedb0c0e05117262cfdea81000efd6d78da9b099e489,TTWkCVPbRdjzLHcrYaMYecuqpQSHQ37hWZ,TJCnKsPa7y5okkXvQAidZBzqx3QyQ6sxMW,0.0,trx,1768865826000,tron,TJCnKsPa7y5okkXvQAidZBzqx3QyQ6sxMW,False,fraud
780702b92c4af19facf4c548db9732819dad4a34d4c047e295498277a3204c9f,TTWkCVPbRdjzLHcrYaMYecuqpQSHQ37hWZ,TJCnKsPa7y5okkXvQAidZBzqx3QyQ6sxMW,0.0,trx,1768865718000,tron,TJCnKsPa7y5okkXvQAidZBzqx3QyQ6sxMW,False,fraud
19e55cd37c1ade06aeb40864b0559bbc9c03781a2319a0d913672f6769e29495,TTWkCVPbRdjzLHcrYaMYecuqpQSHQ37hWZ,TJCnKsPa7y5okkXvQAidZBzqx3QyQ6sxMW,0.0,trx,1768865670000,tron,TJCnKsPa7y5okkXvQAidZBzqx3QyQ6sxMW,False,fraud
dbc1528e91d7606463de24e96b10e487ad4c8e1627624e2b1ca571b074b613bc,TTWkCVPbRdjzLHcrYaMYecuqpQSHQ37hWZ,TJCnKsPa7y5okkXvQAidZBzqx3QyQ6sxMW,0.0,trx,1768862223000,tron,TJCnKsPa7y5okkXvQAidZBzqx3QyQ6sxMW,False,fraud
7cd49d4b69ce081263a7b3918a911e546bb28ab3c42d156a73d3e14f00c559c1,TTWkCVPbRdjzLHcrYaMYecuqpQSHQ37hWZ,TJCnKsPa7y5okkXvQAidZBzqx3QyQ6sxMW,0.0,trx,1768862115000,tron,TJCnKsPa7y5okkXvQAidZBzqx3QyQ6sxMW,False,fraud
731384f29b8d13768bcdec50b384aff529a4f7c46b907957b1b3964d637256a5,TTWkCVPbRdjzLHcrYaMYecuqpQSHQ37hWZ,TJCnKsPa7y5okkXvQAidZBzqx3QyQ6sxMW,0.0,trx,1768862070000,tron,TJCnKsPa7y5okkXvQAidZBzqx3QyQ6sxMW,False,fraud
870f38d8abb2353095f384269e1862446e56102966141d258bfb6d64b4f935a9,TCktShu1gtAM6tSmvDVSQjckdLaA8LoYAq,TJCnKsPa7y5okkXvQAidZBzqx3QyQ6sxMW,0.1,trx,1749775419000,tron,TJCnKsPa7y5okkXvQAidZBzqx3QyQ6sxMW,False,fraud
0e3b57c25d0b654d09ae273e7e5d4d0ac3588d0510564d4a62b9bab16706f3eb,TXGNU2T8RqG7566SqEztB4tsLhCGE8Wr65,TJCnKsPa7y5okkXvQAidZBzqx3QyQ6sxMW,0.0,trx,1705280430000,tron,TJCnKsPa7y5okkXvQAidZBzqx3QyQ6sxMW,False,fraud
5254b883cf213bda9b3b8724fb89b2b325a2af65452c598798b772f5bbb7b63f,TXGNU2T8RqG7566SqEztB4tsLhCGE8Wr65,TJCnKsPa7y5okkXvQAidZBzqx3QyQ6sxMW,0.0,trx,1705279818000,tron,TJCnKsPa7y5okkXvQAidZBzqx3QyQ6sxMW,False,fraud
3c8901a851081becb4bb694c703c37646d100c79967cb9bf93a3ed3f0c5f4ec4,TJCnKsPa7y5okkXvQAidZBzqx3QyQ6sxMW,THHLpJJ1gR5NwX3Racbq2nXKGQmy3gB5NG,9.0,trx,1691745795000,tron,TJCnKsPa7y5okkXvQAidZBzqx3QyQ6sxMW,False,fraud
e9d1ef3e4a351204cc95d1da2b3c1a710f0391bcaeb53d414b5a041d2bc710d2,TEPSrSYPDSQ7yXpMFPq91Fb1QEWpMkRGfn,TJCnKsPa7y5okkXvQAidZBzqx3QyQ6sxMW,9.0,trx,1691723343000,tron,TJCnKsPa7y5okkXvQAidZBzqx3QyQ6sxMW,False,fraud
89fc2b7320e8559639543b6b1c48bc766b714982d4f3349da4e3850d76d204f7,TJCnKsPa7y5okkXvQAidZBzqx3QyQ6sxMW,TRGsjk84qAKfs6zPTgAMEaWXqpBuYCXsws,1.45342,trx,1671216069000,tron,TJCnKsPa7y5okkXvQAidZBzqx3QyQ6sxMW,False,fraud
9a01f26588dc95b104eda3eced9d78ba1fddfe7258d11eb80ab3960f1c0c8e72,TJCnKsPa7y5okkXvQAidZBzqx3QyQ6sxMW,TR7NHqjeKQxGTCi8q8ZY4pL8otSzgjLj6t,0.0,trx,1671216009000,tron,TJCnKsPa7y5okkXvQAidZBzqx3QyQ6sxMW,False,fraud
ee3feddc800fa26508060f528d13ebf5db8630d21c447b5e53790bcd4a403d80,TRGsjk84qAKfs6zPTgAMEaWXqpBuYCXsws,TJCnKsPa7y5okkXvQAidZBzqx3QyQ6sxMW,10.0,trx,1671215976000,tron,TJCnKsPa7y5okkXvQAidZBzqx3QyQ6sxMW,False,fraud
048598f1c5caba4e7808191865f565690ee3497caf419f43cf1e2e44d2a92c06,TE32RpFbhApcmekMs3kHhgCScdqg7yBzrV,TMuA6YqfCeX8EhbfYEg5y7S4DqzSJireY9,0.0,trx,1785534306000,tron,TMuA6YqfCeX8EhbfYEg5y7S4DqzSJireY9,False,fraud
f40aa928447ac45e4271df9c51e971455c461c7d8de843ad3cc9783397d83739,TE32RpFbhApcmekMs3kHhgCScdqg7yBzrV,TMuA6YqfCeX8EhbfYEg5y7S4DqzSJireY9,0.0,trx,1785533703000,tron,TMuA6YqfCeX8EhbfYEg5y7S4DqzSJireY9,False,fraud
26210b41ecc0d61be3e42aaa4b58defeff325886a812270fda1545300dcd5679,TG553KwRrySVCEpisrbamoFbc1qy4HFEbq,TMuA6YqfCeX8EhbfYEg5y7S4DqzSJireY9,0.0,trx,1783923081000,tron,TMuA6YqfCeX8EhbfYEg5y7S4DqzSJireY9,False,fraud
c2e42f07fb698f18b7bff99c0037d71a111ad750330f1a7b008adbd6febfb636,TG553KwRrySVCEpisrbamoFbc1qy4HFEbq,TMuA6YqfCeX8EhbfYEg5y7S4DqzSJireY9,0.0,trx,1783922832000,tron,TMuA6YqfCeX8EhbfYEg5y7S4DqzSJireY9,False,fraud
489147f2b2f61500e4811807bd1b24e9d628038064bb9778d95f3a3c5a158f3a,TXXTjtSXoGZS2H5H6iMKU3fbRLX6vTaA2a,TMuA6YqfCeX8EhbfYEg5y7S4DqzSJireY9,0.0,trx,1781082453000,tron,TMuA6YqfCeX8EhbfYEg5y7S4DqzSJireY9,False,fraud
31b6a1d8183b68c371e78b15f4de679c8ea4ecb5faf27299476f8ffaa5f4794e,TXXTjtSXoGZS2H5H6iMKU3fbRLX6vTaA2a,TMuA6YqfCeX8EhbfYEg5y7S4DqzSJireY9,0.0,trx,1781082369000,tron,TMuA6YqfCeX8EhbfYEg5y7S4DqzSJireY9,False,fraud
db868632866a54d57db75e4399638c0c52f0098bb6c9823cadae7b127c13d432,TXXTjtSXoGZS2H5H6iMKU3fbRLX6vTaA2a,TMuA6YqfCeX8EhbfYEg5y7S4DqzSJireY9,0.0,trx,1781082369000,tron,TMuA6YqfCeX8EhbfYEg5y7S4DqzSJireY9,False,fraud
20ff8d32f6e7ab30a14e708812a95a232d3824b5b615b88b0d2bbc793e16377c,TXXTjtSXoGZS2H5H6iMKU3fbRLX6vTaA2a,TMuA6YqfCeX8EhbfYEg5y7S4DqzSJireY9,0.0,trx,1781082369000,tron,TMuA6YqfCeX8EhbfYEg5y7S4DqzSJireY9,False,fraud
4cc57a7fcb05ace21c2cb7141bf243918bac3b48b6ecc68ede5df504da36e68e,TXXTjtSXoGZS2H5H6iMKU3fbRLX6vTaA2a,TMuA6YqfCeX8EhbfYEg5y7S4DqzSJireY9,0.0,trx,1781082342000,tron,TMuA6YqfCeX8EhbfYEg5y7S4DqzSJireY9,False,fraud
7b9b3c6991264044c8cd53359b301033fecb665e3f7eafe09419f12d77b5cc3e,TXXTjtSXoGZS2H5H6iMKU3fbRLX6vTaA2a,TMuA6YqfCeX8EhbfYEg5y7S4DqzSJireY9,0.0,trx,1781082342000,tron,TMuA6YqfCeX8EhbfYEg5y7S4DqzSJireY9,False,fraud
d2afdd704ea53eb2756b8d8ba1be33aaa212156394727bf1f8e10d5c82695944,TXXTjtSXoGZS2H5H6iMKU3fbRLX6vTaA2a,TMuA6YqfCeX8EhbfYEg5y7S4DqzSJireY9,0.0,trx,1781082342000,tron,TMuA6YqfCeX8EhbfYEg5y7S4DqzSJireY9,False,fraud
a82b069f1a021255e7c7d15d9d698b92e1db4c3760ecef2386511d5f195be44d,TXXTjtSXoGZS2H5H6iMKU3fbRLX6vTaA2a,TMuA6YqfCeX8EhbfYEg5y7S4DqzSJireY9,0.0,trx,1781082339000,tron,TMuA6YqfCeX8EhbfYEg5y7S4DqzSJireY9,False,fraud
2dc6ced0100397eeda9959b24c377ee2dfbdad525f410ae0d93145d1adc5f49e,TXXTjtSXoGZS2H5H6iMKU3fbRLX6vTaA2a,TMuA6YqfCeX8EhbfYEg5y7S4DqzSJireY9,0.0,trx,1781082339000,tron,TMuA6YqfCeX8EhbfYEg5y7S4DqzSJireY9,False,fraud
25ddb4ebcf9b19de0c4aa7bd3e133b81e71947e2e97ab13313c2d90c041960c3,TX51kMnCJCtfqj5X4E5HEsLCjbCtvhKTnU,TMuA6YqfCeX8EhbfYEg5y7S4DqzSJireY9,0.0,trx,1780501707000,tron,TMuA6YqfCeX8EhbfYEg5y7S4DqzSJireY9,False,fraud
1a0e1e8d8cff5542b5fe2ed6130cbaea918a0fc353164ec2df51f9c440751a95,TX51kMnCJCtfqj5X4E5HEsLCjbCtvhKTnU,TMuA6YqfCeX8EhbfYEg5y7S4DqzSJireY9,0.0,trx,1780501695000,tron,TMuA6YqfCeX8EhbfYEg5y7S4DqzSJireY9,False,fraud
5467aa06cc5d11aea20322f842f124eaa1c6f7ab1cb316e614449fa894cd761d,TY6joceXzEirKpqj25VcwpxgM4rM9jETAS,TMuA6YqfCeX8EhbfYEg5y7S4DqzSJireY9,0.0,trx,1780501614000,tron,TMuA6YqfCeX8EhbfYEg5y7S4DqzSJireY9,False,fraud
130d3f3cb6c953957a30b6388facb979ce3894224c6d1c711cef6e611379fd8d,TX51kMnCJCtfqj5X4E5HEsLCjbCtvhKTnU,TMuA6YqfCeX8EhbfYEg5y7S4DqzSJireY9,0.0,trx,1780501602000,tron,TMuA6YqfCeX8EhbfYEg5y7S4DqzSJireY9,False,fraud
21542b280286bc1ca82cbae9c6d51799227552ca33c8872b49d33f20cdf2af64,TX51kMnCJCtfqj5X4E5HEsLCjbCtvhKTnU,TMuA6YqfCeX8EhbfYEg5y7S4DqzSJireY9,0.0,trx,1780498104000,tron,TMuA6YqfCeX8EhbfYEg5y7S4DqzSJireY9,False,fraud
0ecb04eaa230a58aff7dd30d418e3e0ce79e89f5b600df277e72a0a930b451fc,TX51kMnCJCtfqj5X4E5HEsLCjbCtvhKTnU,TMuA6YqfCeX8EhbfYEg5y7S4DqzSJireY9,0.0,trx,1780498092000,tron,TMuA6YqfCeX8EhbfYEg5y7S4DqzSJireY9,False,fraud
db47c131876a504ceee32f023a46cf3aa23629362e28c8c272c10ced8f1f27a8,TY6joceXzEirKpqj25VcwpxgM4rM9jETAS,TMuA6YqfCeX8EhbfYEg5y7S4DqzSJireY9,0.0,trx,1780498014000,tron,TMuA6YqfCeX8EhbfYEg5y7S4DqzSJireY9,False,fraud
645d3bec5d300417e8d3c27f411ad15aff7e9030131f61a2526950c73c91584e,TX51kMnCJCtfqj5X4E5HEsLCjbCtvhKTnU,TMuA6YqfCeX8EhbfYEg5y7S4DqzSJireY9,0.0,trx,1780497999000,tron,TMuA6YqfCeX8EhbfYEg5y7S4DqzSJireY9,False,fraud
7a245c20bb0ebc132eecc33df129ee74b13ccf0b6a71db296e029cb003d85685,TEGXrAsg3P3AcoH486zXxEpS6daFMmoBbG,TMuA6YqfCeX8EhbfYEg5y7S4DqzSJireY9,0.0,trx,1780490277000,tron,TMuA6YqfCeX8EhbfYEg5y7S4DqzSJireY9,False,fraud
9598433584352a0ad9180a2742e72b5c3900dfc700e2c16472ec5031bd925fab,TVnkj2jHKgmea8DVJFo2teD7rRSpH51bne,TMuA6YqfCeX8EhbfYEg5y7S4DqzSJireY9,0.0,trx,1780490220000,tron,TMuA6YqfCeX8EhbfYEg5y7S4DqzSJireY9,False,fraud
80f728da8db34e3f21cc1fd611633e7eb40439f34309ea480df5134a2d0e2734,TQ62t7PqSEK7YB9jbULXc7YmTctifHdJdy,TMuA6YqfCeX8EhbfYEg5y7S4DqzSJireY9,0.0,trx,1780486953000,tron,TMuA6YqfCeX8EhbfYEg5y7S4DqzSJireY9,False,fraud
f83972af9a3982506a8e32a8ed3f5712264c3fc76f9923e358a4ecba7d43a5a8,TEGXrAsg3P3AcoH486zXxEpS6daFMmoBbG,TMuA6YqfCeX8EhbfYEg5y7S4DqzSJireY9,0.0,trx,1780486677000,tron,TMuA6YqfCeX8EhbfYEg5y7S4DqzSJireY9,False,fraud
86159769f6f818f6575ff094c0d3043fb0760089458c136ca801533350c2e3a1,TQ62t7PqSEK7YB9jbULXc7YmTctifHdJdy,TMuA6YqfCeX8EhbfYEg5y7S4DqzSJireY9,0.0,trx,1780486650000,tron,TMuA6YqfCeX8EhbfYEg5y7S4DqzSJireY9,False,fraud
b1cbf8f9c331debe5bf41d2708925ef55b11abee2133040be20824e2962f8d1c,TVnkj2jHKgmea8DVJFo2teD7rRSpH51bne,TMuA6YqfCeX8EhbfYEg5y7S4DqzSJireY9,0.0,trx,1780486620000,tron,TMuA6YqfCeX8EhbfYEg5y7S4DqzSJireY9,False,fraud
eb1e368524fd7bd5cb8d55a38a15c965f297e23066b67fe4df86c380fcb00c71,TS3cmLYjnQYM3rpRRTvCjHqYFx8QYnguan,TMuA6YqfCeX8EhbfYEg5y7S4DqzSJireY9,0.0,trx,1780414569000,tron,TMuA6YqfCeX8EhbfYEg5y7S4DqzSJireY9,False,fraud
921f158eabe95a9a770125cc895c04a045db72329c5b5e4b676a7db83b9f46c8,TTdNKR7YaCs65AaK4GcfVjzaHa5mRMjuKa,TMuA6YqfCeX8EhbfYEg5y7S4DqzSJireY9,0.0,trx,1780411389000,tron,TMuA6YqfCeX8EhbfYEg5y7S4DqzSJireY9,False,fraud
5a733d90b73d067c709af4d9d7367566de45a486b3b302d76f1c495ca8036b3a,TTdNKR7YaCs65AaK4GcfVjzaHa5mRMjuKa,TMuA6YqfCeX8EhbfYEg5y7S4DqzSJireY9,0.0,trx,1780411086000,tron,TMuA6YqfCeX8EhbfYEg5y7S4DqzSJireY9,False,fraud
4e16bf46cb416cec32b77ccf87bee23f40efe4eda7479651776bac3400313108,TS3cmLYjnQYM3rpRRTvCjHqYFx8QYnguan,TMuA6YqfCeX8EhbfYEg5y7S4DqzSJireY9,0.0,trx,1780410966000,tron,TMuA6YqfCeX8EhbfYEg5y7S4DqzSJireY9,False,fraud
204b18995dc8652e952af0f26ceefa8366cbb7cb162bd1d87307b2e945a123bf,TEGXrAsg3P3AcoH486zXxEpS6daFMmoBbG,TMuA6YqfCeX8EhbfYEg5y7S4DqzSJireY9,0.0,trx,1780166889000,tron,TMuA6YqfCeX8EhbfYEg5y7S4DqzSJireY9,False,fraud
f2c7122aeb8883338248af26e2ba27fb8fd8e1e5dc79af8792a619f413432ad5,TEGXrAsg3P3AcoH486zXxEpS6daFMmoBbG,TMuA6YqfCeX8EhbfYEg5y7S4DqzSJireY9,0.0,trx,1780163289000,tron,TMuA6YqfCeX8EhbfYEg5y7S4DqzSJireY9,False,fraud
53e1d2b05ed178d926bce2bc80ac7f090c8e280b4f52a0d2d913053d35eec1c9,THwj8nube7YR9VaLMB76XCRgVJLK63KgQh,TMuA6YqfCeX8EhbfYEg5y7S4DqzSJireY9,0.0,trx,1766635785000,tron,TMuA6YqfCeX8EhbfYEg5y7S4DqzSJireY9,False,fraud
269e5e7c2fc4e403fb14c3294f80362ec343a98bd96cb834c63cc0f119f3c07f,THwj8nube7YR9VaLMB76XCRgVJLK63KgQh,TMuA6YqfCeX8EhbfYEg5y7S4DqzSJireY9,0.0,trx,1766632185000,tron,TMuA6YqfCeX8EhbfYEg5y7S4DqzSJireY9,False,fraud
8a6f5e4e521bff0741b13b4accc68bd9e421e683eae2c9ce6b10903373dfb49b,TDDBTQF2Xu3ALd1hZVqQmPmJ62xMUYYWf2,TMuA6YqfCeX8EhbfYEg5y7S4DqzSJireY9,8.333333,trx,1757632686000,tron,TMuA6YqfCeX8EhbfYEg5y7S4DqzSJireY9,False,fraud
f70942af869cd16d54c06ae16217e0dab0542fc2d12da788f88c15a9e1c3659a,TRGggG6hCrtcjB7bjbeLQKiaMytHqPhjkD,TMuA6YqfCeX8EhbfYEg5y7S4DqzSJireY9,1.498588,trx,1755739887000,tron,TMuA6YqfCeX8EhbfYEg5y7S4DqzSJireY9,False,fraud
f6da1b2991b7e6eed21376c0879a87f5e0c3e2ae0bfd2b5b72a8e3d51718d2bb,TTjPzNPncUVB518iPSJXab9MbyLn46pvAz,TMuA6YqfCeX8EhbfYEg5y7S4DqzSJireY9,12.0,trx,1753644645000,tron,TMuA6YqfCeX8EhbfYEg5y7S4DqzSJireY9,False,fraud
c8f3b9eb308436612e52518e0650e4a24ad752b206262c14e0c325f72cd72838,TG6T3zWvt38H4dB696TUXJkbz9EoXe1Wm5,TMuA6YqfCeX8EhbfYEg5y7S4DqzSJireY9,0.1,trx,1742359398000,tron,TMuA6YqfCeX8EhbfYEg5y7S4DqzSJireY9,False,fraud
3b6fd4d794150fd29d46942d5df21d72cc8e0247360d2fb6109074acecc732f6,TMuA6YqfCeX8EhbfYEg5y7S4DqzSJireY9,TWd4WrZ9wn84f5x1hZhL4DHvk738ns5jwb,1535750.0,trx,1729421391000,tron,TMuA6YqfCeX8EhbfYEg5y7S4DqzSJireY9,False,fraud
0c7ba35ea6f762ffeca5dbc62eb8c2c109db777beb1cbab3cd740458609f32d4,TTDynagTE55Gt5HVrmM6EUQDVgsfma1jwb,TMuA6YqfCeX8EhbfYEg5y7S4DqzSJireY9,6e-06,trx,1729421370000,tron,TMuA6YqfCeX8EhbfYEg5y7S4DqzSJireY9,False,fraud
2c96983502b65c07a7a67a7a2e475a0925ff0469e9c419366abd08d7cd8f8c44,TV1uX6MJwnnJPKQhkoNWu9cnUGsSfB4jwb,TMuA6YqfCeX8EhbfYEg5y7S4DqzSJireY9,4e-06,trx,1729421358000,tron,TMuA6YqfCeX8EhbfYEg5y7S4DqzSJireY9,False,fraud
e4c2f7bb87e4625be063acfb9332257fe4fc08df5a104e2fe640913e74c55055,TMuA6YqfCeX8EhbfYEg5y7S4DqzSJireY9,TR7NHqjeKQxGTCi8q8ZY4pL8otSzgjLj6t,0.0,trx,1729421349000,tron,TMuA6YqfCeX8EhbfYEg5y7S4DqzSJireY9,False,fraud
98230a11f57fe39ea5dc944fbe3efb32d1f575b4f478697876bc29edc4d7fe12,TMuA6YqfCeX8EhbfYEg5y7S4DqzSJireY9,TLa2f6VPqDgRE67v1736s7bJ8Ray5wYjU7,0.0,trx,1729421328000,tron,TMuA6YqfCeX8EhbfYEg5y7S4DqzSJireY9,False,fraud
b3c989c34450da34383464cd1c8b4206a96d83112be284532b0c77357a05402f,TMuA6YqfCeX8EhbfYEg5y7S4DqzSJireY9,TSSMHYeV2uE9qYH95DqyoCuNCzEL1NvU3S,0.0,trx,1729421316000,tron,TMuA6YqfCeX8EhbfYEg5y7S4DqzSJireY9,False,fraud
a9db7c38d52dca37d596f51e94a3ee7a59200aae1f55b5f77e88568c9281e17c,TMuA6YqfCeX8EhbfYEg5y7S4DqzSJireY9,TFczxzPhnThNSqr5by8tvxsdCFRRz6cPNq,0.0,trx,1729421292000,tron,TMuA6YqfCeX8EhbfYEg5y7S4DqzSJireY9,False,fraud
bdc04f64f329ec7cf2fd04e1aaf89372a610905d5e2bf947911cdb7dffecd37f,TRK5k7Hvb9Nxnw5hCqG88q567CiqznhrsT,TMuA6YqfCeX8EhbfYEg5y7S4DqzSJireY9,2e-06,trx,1728387876000,tron,TMuA6YqfCeX8EhbfYEg5y7S4DqzSJireY9,False,fraud
0e134905f1e1fb89b8dc61ee7751c36a6e4a520e4547670125919a2f01c7f111,THU9GNfaUVZDxhisXB8MVSXzXBZeAdprsT,TMuA6YqfCeX8EhbfYEg5y7S4DqzSJireY9,5e-06,trx,1728377247000,tron,TMuA6YqfCeX8EhbfYEg5y7S4DqzSJireY9,False,fraud
f4adc84b661cb2ad94c0b2ff486b8ddac4173bcc8eb0b11a77cb8ac63223048f,TTiepUAWmt95HtGCW151gU55wDcHJPAfGr,TMuA6YqfCeX8EhbfYEg5y7S4DqzSJireY9,8888.88,HX16.C0M,1728377232000,tron,TMuA6YqfCeX8EhbfYEg5y7S4DqzSJireY9,False,fraud
752071194693a6e03f5a29d252f65a3283c285134869999d4ddc5f82ffa555cd,THU9GNfaUVZDxhisXB8MVSXzXBZeAdprsT,TMuA6YqfCeX8EhbfYEg5y7S4DqzSJireY9,8e-06,trx,1728284601000,tron,TMuA6YqfCeX8EhbfYEg5y7S4DqzSJireY9,False,fraud
245c33ef6a05929c7bd12a955fae4498f356dd746bedd0b1550bcf1e0c52a1af,TQrY8tryqsYVCYS3MFbtffiPp2ccyn4STm,TR7NHqjeKQxGTCi8q8ZY4pL8otSzgjLj6t,0.0,trx,1788446601000,tron,TR7NHqjeKQxGTCi8q8ZY4pL8otSzgjLj6t,False,legitimate
f93d5f099a3f6c793d92b5fffc08cd05d6e5d03d48309662dd0d5f61dab81f78,TAr7BsbzEiSfFb9B8GScVS8EveKeGv3PtT,TR7NHqjeKQxGTCi8q8ZY4pL8otSzgjLj6t,0.0,trx,1788446601000,tron,TR7NHqjeKQxGTCi8q8ZY4pL8otSzgjLj6t,False,legitimate
1664663f642e7b46c27a8bc05e20de94ff6f2f882015242420d61a9b1ada5ea9,TGMWbFmTNay5r6SvGeSK7V1kgYNdcuXHiq,TR7NHqjeKQxGTCi8q8ZY4pL8otSzgjLj6t,0.0,trx,1788446601000,tron,TR7NHqjeKQxGTCi8q8ZY4pL8otSzgjLj6t,False,legitimate
042b01770ce3d1f071622b03a7280e24b0c22e894949e8c4a5e94b5c169a0936,TUiAHhBYc9ASTu9prLKa6kgAt1uMzGzocT,TR7NHqjeKQxGTCi8q8ZY4pL8otSzgjLj6t,0.0,trx,1788446601000,tron,TR7NHqjeKQxGTCi8q8ZY4pL8otSzgjLj6t,False,legitimate
a3f9663d01aada64c8f93cc57a24a5a15d234cf3b0445d64ccf436cc3e71478f,TJ5usJLLwjwn7Pw3TPbdzreG7dvgKzfQ5y,TR7NHqjeKQxGTCi8q8ZY4pL8otSzgjLj6t,0.0,trx,1788446601000,tron,TR7NHqjeKQxGTCi8q8ZY4pL8otSzgjLj6t,False,legitimate
0b71755c7731d9d32b0436d4e8dfd8635eb0d57f633c8c261a9f156cc0d304e2,TCLgK89AnXbC9rewvhNb9UgXCc2qJJpBXh,TR7NHqjeKQxGTCi8q8ZY4pL8otSzgjLj6t,0.0,trx,1788446601000,tron,TR7NHqjeKQxGTCi8q8ZY4pL8otSzgjLj6t,False,legitimate
e7daf46068ae1148736b3187c642b2cf14f1ec12f8ff187040514260e0a462be,TEx8MGCRS74mY7YtqodkNzFd5ZNRSK8NUp,TR7NHqjeKQxGTCi8q8ZY4pL8otSzgjLj6t,0.0,trx,1788446601000,tron,TR7NHqjeKQxGTCi8q8ZY4pL8otSzgjLj6t,False,legitimate
3404c42f7f651b8ae987dff4528bdfce5b9f9e7a0e2741c2013cfdcc83b73801,TJafmXbw8ZkShMcBRdFdfPjW3WpMAGSzsx,TR7NHqjeKQxGTCi8q8ZY4pL8otSzgjLj6t,0.0,trx,1788446601000,tron,TR7NHqjeKQxGTCi8q8ZY4pL8otSzgjLj6t,False,legitimate
2f877ab266d402f0f0edf562c7f17120cbfff804bc026b0cf42f8997fbc4dcbf,TNXoiAJ3dct8Fjg4M9fkLFh9S2v9TXc32G,TR7NHqjeKQxGTCi8q8ZY4pL8otSzgjLj6t,0.0,trx,1788446601000,tron,TR7NHqjeKQxGTCi8q8ZY4pL8otSzgjLj6t,False,legitimate
0c47acb0b02a9ce0fe0119a269678e0fad24d34e5c3a447744188ece4b86e0f0,TRPnatXwm2oF6fJ2inKzYB6oPvhjV79wxJ,TR7NHqjeKQxGTCi8q8ZY4pL8otSzgjLj6t,0.0,trx,1788446601000,tron,TR7NHqjeKQxGTCi8q8ZY4pL8otSzgjLj6t,False,legitimate
919bdf7bbc6bf3390c869fdacab1b44dd32adaf614c1440b0da6dabf6c815d19,TPAoXqW8L2VxtFKBrC2Zr5qidjGAg8rbPN,TR7NHqjeKQxGTCi8q8ZY4pL8otSzgjLj6t,0.0,trx,1788446601000,tron,TR7NHqjeKQxGTCi8q8ZY4pL8otSzgjLj6t,False,legitimate
a1c93185a5d66f99f1d1bbdc5ce8240723fcafab4a44e7b995b7132d81f77dfe,TDqSquXBgUCLYvYC4XZgrprLK589dkhSCf,TR7NHqjeKQxGTCi8q8ZY4pL8otSzgjLj6t,0.0,trx,1788446601000,tron,TR7NHqjeKQxGTCi8q8ZY4pL8otSzgjLj6t,False,legitimate
604731118ea4cf7bc9015d96d4ac2bb40837780c176bdbcdc8e7c92bffdbf45c,TMnWxPA6NT4dJ2w3rJScFFRjHrHSkgZvXn,TR7NHqjeKQxGTCi8q8ZY4pL8otSzgjLj6t,0.0,trx,1788446601000,tron,TR7NHqjeKQxGTCi8q8ZY4pL8otSzgjLj6t,False,legitimate
c7782bc347644612598aa3900b3f37ebe54a13dc1aede18e77eeb99265a7f214,TTCAp9Ue4LmGpDUCWAs1YDs7aENKotGzCh,TR7NHqjeKQxGTCi8q8ZY4pL8otSzgjLj6t,0.0,trx,1788446601000,tron,TR7NHqjeKQxGTCi8q8ZY4pL8otSzgjLj6t,False,legitimate
25ec5ca4ce1294331ee938990a81ce282f03c613ecdc94def9ea49b5bb77d4ed,TCEEJKaAT4mF3AsjqwUUHmHvosq67x3FTz,TR7NHqjeKQxGTCi8q8ZY4pL8otSzgjLj6t,0.0,trx,1788446601000,tron,TR7NHqjeKQxGTCi8q8ZY4pL8otSzgjLj6t,False,legitimate
a9055b9e074886eb95fedb5f16d211adf50b3126e12c83a7328d8a75a284db99,TFFk8EtYqj3jYG9BAWddykZX9bC5kPGMKP,TR7NHqjeKQxGTCi8q8ZY4pL8otSzgjLj6t,0.0,trx,1788446601000,tron,TR7NHqjeKQxGTCi8q8ZY4pL8otSzgjLj6t,False,legitimate
9dc2e4c8f7feaeb5298ccc55b382c1fb165929d328b0d84fe46dc3f95fe62ea3,TM9WCGSxuL6h1CqhL7LJ1kaJFVSCw3FCTE,TR7NHqjeKQxGTCi8q8ZY4pL8otSzgjLj6t,0.0,trx,1788446601000,tron,TR7NHqjeKQxGTCi8q8ZY4pL8otSzgjLj6t,False,legitimate
03ab91d5cad38cc8d1978f35a5e2b59380c3cf86821dece80910ac084ff19270,TUP1QhwGRpgsZxsYmpGfAeKpHgWM5u3421,TR7NHqjeKQxGTCi8q8ZY4pL8otSzgjLj6t,0.0,trx,1788446601000,tron,TR7NHqjeKQxGTCi8q8ZY4pL8otSzgjLj6t,False,legitimate
0031caf0aa852ffd28a9b8e46c5d992dcb54bc8f707b4060f26db0846e3d4369,TAmx4TwKXgEJ7tMLC3rrWweAH9vcsSRRUR,TR7NHqjeKQxGTCi8q8ZY4pL8otSzgjLj6t,0.0,trx,1788446601000,tron,TR7NHqjeKQxGTCi8q8ZY4pL8otSzgjLj6t,False,legitimate
21d8024f5b310389f48747c69d4441c273c3feb889842b6bcb70b429269ec392,TSa5xusyurBbsAmrBiqFCYx4U3bPLyMHq4,TR7NHqjeKQxGTCi8q8ZY4pL8otSzgjLj6t,0.0,trx,1788446601000,tron,TR7NHqjeKQxGTCi8q8ZY4pL8otSzgjLj6t,False,legitimate
a642444ed99b11d2cab7e8c18122d8b7a3218e46ac1119fcab295b8e7669ff12,TNjbyx9MNwVxG3jxdrttfJhLm9hEoT1ZRC,TR7NHqjeKQxGTCi8q8ZY4pL8otSzgjLj6t,0.0,trx,1788446601000,tron,TR7NHqjeKQxGTCi8q8ZY4pL8otSzgjLj6t,False,legitimate
bf60649d4bd48922a96395c5292b9559be6a808e6fb9abdd906a04e417705365,TW1zxRDM2gwXGfWxtT5aU2Pz5EPVhWAXaK,TR7NHqjeKQxGTCi8q8ZY4pL8otSzgjLj6t,0.0,trx,1788446601000,tron,TR7NHqjeKQxGTCi8q8ZY4pL8otSzgjLj6t,False,legitimate
0ed1b2db1d2f6ee0032cb56a854c521509cfcac7d13fbd57339eed1173ae8b2b,TKfz7Pu3jtxWrfHzVeozQjXsb3RfuUHGE2,TR7NHqjeKQxGTCi8q8ZY4pL8otSzgjLj6t,0.0,trx,1788446601000,tron,TR7NHqjeKQxGTCi8q8ZY4pL8otSzgjLj6t,False,legitimate
1977cd15851c0204424efb76f655f798b4cf99e67b981faf3040d6847054eda7,TLw23k96RceLwAVpdJWZsxpkkB8YdDMmZF,TR7NHqjeKQxGTCi8q8ZY4pL8otSzgjLj6t,0.0,trx,1788446601000,tron,TR7NHqjeKQxGTCi8q8ZY4pL8otSzgjLj6t,False,legitimate
053bf410f1f2d407acc34dc0813d37736b23ca603c943f5d0142c96a3e927614,TTDTdiuLfvDStPfp44nYrzR1iPRn7oTnSJ,TR7NHqjeKQxGTCi8q8ZY4pL8otSzgjLj6t,0.0,trx,1788446601000,tron,TR7NHqjeKQxGTCi8q8ZY4pL8otSzgjLj6t,False,legitimate
1013b1b1ed9203002105fce73eb4e8151f464ed17d5508ba23b7bfdf68a9bd54,TVAgJuxqP2XVoNriwEt87SbPxteeNBpZwf,TR7NHqjeKQxGTCi8q8ZY4pL8otSzgjLj6t,0.0,trx,1788446601000,tron,TR7NHqjeKQxGTCi8q8ZY4pL8otSzgjLj6t,False,legitimate
1dd89ae175ca4ed5221b670bfb827a0fe36e83b016984e366f8de950150b5758,TJSiaVGkgjYHkMc5yBbnibJa1Mvezq5w2p,TR7NHqjeKQxGTCi8q8ZY4pL8otSzgjLj6t,0.0,trx,1788446601000,tron,TR7NHqjeKQxGTCi8q8ZY4pL8otSzgjLj6t,False,legitimate
39367586e4d657ae0816e2bc60bb39b82514e6b445f174bab173ff60ea094304,TUpHuDkiCCmwaTZBHZvQdwWzGNm5t8J2b9,TR7NHqjeKQxGTCi8q8ZY4pL8otSzgjLj6t,0.0,trx,1788446601000,tron,TR7NHqjeKQxGTCi8q8ZY4pL8otSzgjLj6t,False,legitimate
f646ed070557ee26efc412543cc132649fc8e9930007258650114bb252941895,TV46PdQLasd2EVfTihhimWBqTXjYRW2xPn,TR7NHqjeKQxGTCi8q8ZY4pL8otSzgjLj6t,0.0,trx,1788446601000,tron,TR7NHqjeKQxGTCi8q8ZY4pL8otSzgjLj6t,False,legitimate
77d4d9ea9d4463da9d8fe47880c2c0d8b0276b457ef613777a70bf27d7d8a0f9,TWBPGLwQw2EbqYLLw1DJnTDt2ZQ9yJW1JJ,TR7NHqjeKQxGTCi8q8ZY4pL8otSzgjLj6t,0.0,trx,1788446601000,tron,TR7NHqjeKQxGTCi8q8ZY4pL8otSzgjLj6t,False,legitimate
9260c570d12e11b58ae8bada087009387bfcf1df8408362bc5dc84b7a7ba0524,TXAEhKJNP3M26hzrL3RPEHf3JsJTjdNybi,TR7NHqjeKQxGTCi8q8ZY4pL8otSzgjLj6t,0.0,trx,1788446601000,tron,TR7NHqjeKQxGTCi8q8ZY4pL8otSzgjLj6t,False,legitimate
556024290a003a029ca6183f46b13da52fb7fcc25b0198a10de4c85729b2aca2,TGsJHM2QaeX789ZBHok2GBDkyfzmTHUjyH,TR7NHqjeKQxGTCi8q8ZY4pL8otSzgjLj6t,0.0,trx,1788446601000,tron,TR7NHqjeKQxGTCi8q8ZY4pL8otSzgjLj6t,False,legitimate
aa8854325ef9e3213f07789ec5afd44d2de3a6f6d13ea67ae21fd5ab963371b3,TGpD4mkyqnsF2iaHz3PvtsKZQ2yu91FcRe,TR7NHqjeKQxGTCi8q8ZY4pL8otSzgjLj6t,0.0,trx,1788446601000,tron,TR7NHqjeKQxGTCi8q8ZY4pL8otSzgjLj6t,False,legitimate
9df4fe44e2f3f9d20e3e802af23b07f35597b6d3378761b1fe0f35939d064d97,TKZ1t8aDJepJQBMVZBpzbzV9TRVhBWEvdy,TR7NHqjeKQxGTCi8q8ZY4pL8otSzgjLj6t,0.0,trx,1788446601000,tron,TR7NHqjeKQxGTCi8q8ZY4pL8otSzgjLj6t,False,legitimate
53ee4b1553e6e5c715877de704377f7886963cade3e86526eadf200c8eb22cb5,TB4EP31W21D3NW15JkGqSWEnfeGmYBWfio,TR7NHqjeKQxGTCi8q8ZY4pL8otSzgjLj6t,0.0,trx,1788446601000,tron,TR7NHqjeKQxGTCi8q8ZY4pL8otSzgjLj6t,False,legitimate
85beebda598245317a754cd4a0a7df8f3df8afd2d74ca66f237838efb8b0085b,TQGDJjfA3jfWCNPWjbp9eaWoVvk3t5URjn,TR7NHqjeKQxGTCi8q8ZY4pL8otSzgjLj6t,0.0,trx,1788446601000,tron,TR7NHqjeKQxGTCi8q8ZY4pL8otSzgjLj6t,False,legitimate
5d166ebe65802c7ed8416a7a5558b99a34a73ef118924edf070c2bf47281569a,TXHrSBkcKPrri4earT142gq32RB9CSbm8c,TR7NHqjeKQxGTCi8q8ZY4pL8otSzgjLj6t,0.0,trx,1788446601000,tron,TR7NHqjeKQxGTCi8q8ZY4pL8otSzgjLj6t,False,legitimate
1ab80fdc2ca54bc161035feb61b8a422b1db381688607f0df60b4b702bbf12ec,TJw4NXLi3EoZ9ZF9ZhpRvrAnmHpJwycpqq,TR7NHqjeKQxGTCi8q8ZY4pL8otSzgjLj6t,0.0,trx,1788446601000,tron,TR7NHqjeKQxGTCi8q8ZY4pL8otSzgjLj6t,False,legitimate
3bd0a4f8a9d331235c5f99b30c8d48c814c7c5f19d3765bd0956daef887d670a,TEhSzpG1vgMbsWQvwBxndxJDijeFL6j3vC,TR7NHqjeKQxGTCi8q8ZY4pL8otSzgjLj6t,0.0,trx,1788446601000,tron,TR7NHqjeKQxGTCi8q8ZY4pL8otSzgjLj6t,False,legitimate
2c6f0bb425888b03babe8a00eb3049a0fb98013e488d7e4b4ea86654db06568c,TMM9xTMkb7H2wPpRwt2SWzB4KaAF6Jbfxr,TR7NHqjeKQxGTCi8q8ZY4pL8otSzgjLj6t,0.0,trx,1788446601000,tron,TR7NHqjeKQxGTCi8q8ZY4pL8otSzgjLj6t,False,legitimate
854a6ca1176043212251b8ddee02a8030c8f901399224cd49c29e041ed2cf1ca,TP99Bbo2fzPat3TyR2egeSdtrYaE7a5KcG,TR7NHqjeKQxGTCi8q8ZY4pL8otSzgjLj6t,0.0,trx,1788446601000,tron,TR7NHqjeKQxGTCi8q8ZY4pL8otSzgjLj6t,False,legitimate
ec42a5f313b3f08ae33227d3942cfaf48cfdb46eb4c8a765d51c5d739b14e3da,TN4pFf3RuXbu3T6aDDYXRB7mZFUpCar1bu,TR7NHqjeKQxGTCi8q8ZY4pL8otSzgjLj6t,0.0,trx,1788446601000,tron,TR7NHqjeKQxGTCi8q8ZY4pL8otSzgjLj6t,False,legitimate
9b1555c41ebc9feb1aef9c67da619106fab2d88dfec3e2574e78e2354166d89a,TSgi9izsaCbryqUE7NupXnmt4rw5ZK3BKP,TR7NHqjeKQxGTCi8q8ZY4pL8otSzgjLj6t,0.0,trx,1788446601000,tron,TR7NHqjeKQxGTCi8q8ZY4pL8otSzgjLj6t,False,legitimate
74c31b719a0eec5cfd36df3ff0a22818328936e969805a1c44d719dde32e28ad,TBT21y7KE2pmoRuc3PexfQYay7dS5xRZpm,TR7NHqjeKQxGTCi8q8ZY4pL8otSzgjLj6t,0.0,trx,1788446601000,tron,TR7NHqjeKQxGTCi8q8ZY4pL8otSzgjLj6t,False,legitimate
20b2ab289abad1a8871e5da7b2095527a7990122c90007c6bcc03a55dc5cde50,TW9ieUyfm4hMoitYmeUjXD8WUCZSRc1yJr,TR7NHqjeKQxGTCi8q8ZY4pL8otSzgjLj6t,0.0,trx,1788446601000,tron,TR7NHqjeKQxGTCi8q8ZY4pL8otSzgjLj6t,False,legitimate
14cc2b5175f10c3f53f538eb2e7bbc39ae4080fbb4831aff822427e11f8e7522,TXKfys5n9j4vKJjGTT4wT9HCtSxfVopunZ,TR7NHqjeKQxGTCi8q8ZY4pL8otSzgjLj6t,0.0,trx,1788446601000,tron,TR7NHqjeKQxGTCi8q8ZY4pL8otSzgjLj6t,False,legitimate
c8c0484b729bdf3e2991aae252193a1064b8957c976797c721ebdcc36c5b9d06,TXf8dwdiFGevdDim4EbPBD28xrgiF76M8t,TR7NHqjeKQxGTCi8q8ZY4pL8otSzgjLj6t,0.0,trx,1788446601000,tron,TR7NHqjeKQxGTCi8q8ZY4pL8otSzgjLj6t,False,legitimate
8d3419bfb825d0e15b9c3827c4188d36587fa6c2e254811f88f6672279be028b,TTJYLPWqwGyuFjr1hoqsC3w22QZx6HoRBX,TR7NHqjeKQxGTCi8q8ZY4pL8otSzgjLj6t,0.0,trx,1788446601000,tron,TR7NHqjeKQxGTCi8q8ZY4pL8otSzgjLj6t,False,legitimate
d3bda1c120074796d24610d15325668afc17b2c0bdb58c5b8995120d3e9133ba,THViXH4AXdhepaKfvzUg8x4KuCESDHDN9m,TR7NHqjeKQxGTCi8q8ZY4pL8otSzgjLj6t,0.0,trx,1788446601000,tron,TR7NHqjeKQxGTCi8q8ZY4pL8otSzgjLj6t,False,legitimate
fab21038000aa43ffe10921e5f3ff82b229180f92c900eb647dc257a84bae08f,TELT3bdhE2QmGamZ7moMgJQyLgWxWuoJpZ,TR7NHqjeKQxGTCi8q8ZY4pL8otSzgjLj6t,0.0,trx,1788446601000,tron,TR7NHqjeKQxGTCi8q8ZY4pL8otSzgjLj6t,False,legitimate
d57fed58faabc3642b1560a4c9655cd906fb7d7a1cc77b0879fea39ea7ac0adb,TJ9PfXmgvyZrEiuQ1WN8SiiSChKUveTFPp,TN3W4H6rK2ce4vX9YnFQHwKENnHjoxb3m9,0.0,trx,1788445860000,tron,TN3W4H6rK2ce4vX9YnFQHwKENnHjoxb3m9,False,legitimate
868ed5b723434677ec8b3dc3b22b5e0cb3afe60752258f1d8effe2a40d22ab34,TUQVuaGXXsJZBCfjzJehXYAFARRt3cpSWF,TN3W4H6rK2ce4vX9YnFQHwKENnHjoxb3m9,0.0,trx,1788445713000,tron,TN3W4H6rK2ce4vX9YnFQHwKENnHjoxb3m9,False,legitimate
13c4ba51ff673614d56e33dcbbd81b43ff55d76d219099b972e13aab9293dcd4,TFp1bnnzUXjW77eYxNHp5CdLp9cEa5rG24,TN3W4H6rK2ce4vX9YnFQHwKENnHjoxb3m9,0.0,trx,1788445539000,tron,TN3W4H6rK2ce4vX9YnFQHwKENnHjoxb3m9,False,legitimate
ce19057b83bbd1ebd24d90438ee2a85c9de19ba78818dc46a8db742542fcdba8,TJtWL26KPmhZd7Zd5P4pRM87ezyRap1WFT,TN3W4H6rK2ce4vX9YnFQHwKENnHjoxb3m9,0.0,trx,1788445470000,tron,TN3W4H6rK2ce4vX9YnFQHwKENnHjoxb3m9,False,legitimate
bad4718fb888bf82bce8216c217fca18e37a47d5259b16a4ea7ac843c1e2b3f8,TCoLA49hAuTg34uMh1ykVGSmcrDWdh5a88,TN3W4H6rK2ce4vX9YnFQHwKENnHjoxb3m9,0.0,trx,1788445293000,tron,TN3W4H6rK2ce4vX9YnFQHwKENnHjoxb3m9,False,legitimate
ae47e20b6cb4916dc80a56cea15cb3c4faffa1ef7fc72547824739daf6fda8a1,TNDrBSZrbmsWD4agUn4ucmknggkx1H4zuY,TN3W4H6rK2ce4vX9YnFQHwKENnHjoxb3m9,0.0,trx,1788445278000,tron,TN3W4H6rK2ce4vX9YnFQHwKENnHjoxb3m9,False,legitimate
2a4cd0f8f1a5be371890d563b8cb3b10a9e1efb3b2b35c963a4be4cdb73c16d0,TNDrBSZrbmsWD4agUn4ucmknggkx1H4zuY,TN3W4H6rK2ce4vX9YnFQHwKENnHjoxb3m9,0.0,trx,1788445185000,tron,TN3W4H6rK2ce4vX9YnFQHwKENnHjoxb3m9,False,legitimate
23460f5628289a287019bcead5f11faeb0bb8912b850ce349694dfdeac194e06,TFJs7qjWZNnaNw4d3xwbaJQmN5g7tFWAyh,TN3W4H6rK2ce4vX9YnFQHwKENnHjoxb3m9,0.0,trx,1788445119000,tron,TN3W4H6rK2ce4vX9YnFQHwKENnHjoxb3m9,False,legitimate
4b8c9333270e4e68c7d48512d19acfb1fb648a27c641c596ed1e2127c4fe05be,TFJs7qjWZNnaNw4d3xwbaJQmN5g7tFWAyh,TN3W4H6rK2ce4vX9YnFQHwKENnHjoxb3m9,0.0,trx,1788445056000,tron,TN3W4H6rK2ce4vX9YnFQHwKENnHjoxb3m9,False,legitimate
2e3b2fd27578fbb645c4ba371ba973f47beb1afa66e6a08826480ac63cacbba9,TFJs7qjWZNnaNw4d3xwbaJQmN5g7tFWAyh,TN3W4H6rK2ce4vX9YnFQHwKENnHjoxb3m9,0.0,trx,1788445017000,tron,TN3W4H6rK2ce4vX9YnFQHwKENnHjoxb3m9,False,legitimate
c111f5035ce9b6d9e29196d157cd60aa1c6951e4d768a4fdfe4866412728ae09,TSgVUKLma86vzSvuiGaebmwJXTWGSxQ4pW,TN3W4H6rK2ce4vX9YnFQHwKENnHjoxb3m9,0.0,trx,1788444603000,tron,TN3W4H6rK2ce4vX9YnFQHwKENnHjoxb3m9,False,legitimate
1a8173cfce711cfacfa803bef3ecac0f37592a82f76977c436888d2043a99c63,TWhDfwC8QE6pQyiYy248dNor3uphPEw5M2,TN3W4H6rK2ce4vX9YnFQHwKENnHjoxb3m9,0.0,trx,1788444231000,tron,TN3W4H6rK2ce4vX9YnFQHwKENnHjoxb3m9,False,legitimate
6d5cde53be457324cf9262c1abe8c3306ed43eef66f8117638cab34227aec670,TSgVUKLma86vzSvuiGaebmwJXTWGSxQ4pW,TN3W4H6rK2ce4vX9YnFQHwKENnHjoxb3m9,0.0,trx,1788443709000,tron,TN3W4H6rK2ce4vX9YnFQHwKENnHjoxb3m9,False,legitimate
fbd2c597f5618092f89c92362443500a570f1ca29fa5435c096a41c9cd385181,TNHF4jwLzCBJNBpJn4sz5vahinGtJfLR8f,TN3W4H6rK2ce4vX9YnFQHwKENnHjoxb3m9,0.0,trx,1788443691000,tron,TN3W4H6rK2ce4vX9YnFQHwKENnHjoxb3m9,False,legitimate
b210529ae2049019c1acabdfac53283f6f79f61aa354239769d789fc1af24606,TJtWL26KPmhZd7Zd5P4pRM87ezyRap1WFT,TN3W4H6rK2ce4vX9YnFQHwKENnHjoxb3m9,0.0,trx,1788443388000,tron,TN3W4H6rK2ce4vX9YnFQHwKENnHjoxb3m9,False,legitimate
91f4d24aa243440569a1c28430399699a9991180753f47b46410a2e5364a8ba4,TCoLA49hAuTg34uMh1ykVGSmcrDWdh5a88,TN3W4H6rK2ce4vX9YnFQHwKENnHjoxb3m9,0.0,trx,1788443220000,tron,TN3W4H6rK2ce4vX9YnFQHwKENnHjoxb3m9,False,legitimate
66e32a5eff92fd1ba236544a17b9020507405f215ef3fd1183e169c84d868d24,TSgVUKLma86vzSvuiGaebmwJXTWGSxQ4pW,TN3W4H6rK2ce4vX9YnFQHwKENnHjoxb3m9,0.0,trx,1788442830000,tron,TN3W4H6rK2ce4vX9YnFQHwKENnHjoxb3m9,False,legitimate
375e6e479135833f54615ca25a214d79bb13d5a0674e9840950fec956988fc0b,THssY2RCX3V7ZJDxew9hwNqGjhkeXiDAPP,TN3W4H6rK2ce4vX9YnFQHwKENnHjoxb3m9,0.0,trx,1788442353000,tron,TN3W4H6rK2ce4vX9YnFQHwKENnHjoxb3m9,False,legitimate
e2a07f7d7f26d20e255910c5bd9385a47cb6d4c6d16599d9a25cd46e7ac5e286,TJtWL26KPmhZd7Zd5P4pRM87ezyRap1WFT,TN3W4H6rK2ce4vX9YnFQHwKENnHjoxb3m9,0.0,trx,1788442344000,tron,TN3W4H6rK2ce4vX9YnFQHwKENnHjoxb3m9,False,legitimate
988a9f6f3a62147dc8392ec94468ac2ea2248b42c033cee70bd65f335019d9ac,TH8Wjnk3TnKzwX14vhrdVvgXosY4s6XREJ,TN3W4H6rK2ce4vX9YnFQHwKENnHjoxb3m9,0.0,trx,1788442257000,tron,TN3W4H6rK2ce4vX9YnFQHwKENnHjoxb3m9,False,legitimate
bb161073e057548f6e96fef97a7152d5485baecf470da49ad5128b1aba1cbf6f,TJtWL26KPmhZd7Zd5P4pRM87ezyRap1WFT,TN3W4H6rK2ce4vX9YnFQHwKENnHjoxb3m9,0.0,trx,1788442110000,tron,TN3W4H6rK2ce4vX9YnFQHwKENnHjoxb3m9,False,legitimate
645402e5527a59eb9a2d11c81cb68857751e1a5bec3fb71b44a4d581c1cd000b,TCoLA49hAuTg34uMh1ykVGSmcrDWdh5a88,TN3W4H6rK2ce4vX9YnFQHwKENnHjoxb3m9,0.0,trx,1788441999000,tron,TN3W4H6rK2ce4vX9YnFQHwKENnHjoxb3m9,False,legitimate
2e8dfa0e95f531b4e689f2ecc709ac31d9f199ba1bd8e8276a24d0bd5705635c,TH8Wjnk3TnKzwX14vhrdVvgXosY4s6XREJ,TN3W4H6rK2ce4vX9YnFQHwKENnHjoxb3m9,0.0,trx,1788441993000,tron,TN3W4H6rK2ce4vX9YnFQHwKENnHjoxb3m9,False,legitimate
6de4762a41994689710312c867c34f8b9a75cd7d51c0da4dd49f4e9092529cf7,TCoLA49hAuTg34uMh1ykVGSmcrDWdh5a88,TN3W4H6rK2ce4vX9YnFQHwKENnHjoxb3m9,0.0,trx,1788441975000,tron,TN3W4H6rK2ce4vX9YnFQHwKENnHjoxb3m9,False,legitimate
3ad6750ff125f4e96fe78896e8e2a8353d7c9abfe2ca2b8428c5221456a03496,TRTmHyb5qevnPFBkc5iPsmHMe6bXJW4jkV,TN3W4H6rK2ce4vX9YnFQHwKENnHjoxb3m9,0.0,trx,1788441930000,tron,TN3W4H6rK2ce4vX9YnFQHwKENnHjoxb3m9,False,legitimate
2ea65b32c6eb1edd5f52cf6e81f3eab45bc12e061480fc027d1129684457ee61,TCoLA49hAuTg34uMh1ykVGSmcrDWdh5a88,TN3W4H6rK2ce4vX9YnFQHwKENnHjoxb3m9,0.0,trx,1788441927000,tron,TN3W4H6rK2ce4vX9YnFQHwKENnHjoxb3m9,False,legitimate
09522366e9bd7cc7910d960c6ddfc40cc0d61f5e2c6de5a6e69773f22c5da734,TDF8CahXkh6unCSF55M49G72vSR3ZJ9f2f,TN3W4H6rK2ce4vX9YnFQHwKENnHjoxb3m9,0.0,trx,1788441915000,tron,TN3W4H6rK2ce4vX9YnFQHwKENnHjoxb3m9,False,legitimate
4e06b6e9e7d052e9ffb8c00774c0bccb712af115e3fcf0210d2ddbdacb6c88ba,TQ1TfUrPG1KB7nrZghPNobHy7KVNrtqeXd,TN3W4H6rK2ce4vX9YnFQHwKENnHjoxb3m9,0.0,trx,1788441870000,tron,TN3W4H6rK2ce4vX9YnFQHwKENnHjoxb3m9,False,legitimate
d4051259808011d4316f822a6d52e974df27832772f9441574a10dac118c030d,TCoLA49hAuTg34uMh1ykVGSmcrDWdh5a88,TN3W4H6rK2ce4vX9YnFQHwKENnHjoxb3m9,0.0,trx,1788441867000,tron,TN3W4H6rK2ce4vX9YnFQHwKENnHjoxb3m9,False,legitimate
6288ebad07342de17e0d8f25bb62c900e58ff983a1fa2462ee95419295d1dfc1,TJtWL26KPmhZd7Zd5P4pRM87ezyRap1WFT,TN3W4H6rK2ce4vX9YnFQHwKENnHjoxb3m9,0.0,trx,1788441849000,tron,TN3W4H6rK2ce4vX9YnFQHwKENnHjoxb3m9,False,legitimate
93f190903f63326e5cf656594635727e73ecba391cd038c438d3c05b8e35e80d,TCoLA49hAuTg34uMh1ykVGSmcrDWdh5a88,TN3W4H6rK2ce4vX9YnFQHwKENnHjoxb3m9,0.0,trx,1788441822000,tron,TN3W4H6rK2ce4vX9YnFQHwKENnHjoxb3m9,False,legitimate
01af261e30bdeb78aab2aab7276c9ee87bffc5079fd67757ece3e392f80972f7,TCoLA49hAuTg34uMh1ykVGSmcrDWdh5a88,TN3W4H6rK2ce4vX9YnFQHwKENnHjoxb3m9,0.0,trx,1788441789000,tron,TN3W4H6rK2ce4vX9YnFQHwKENnHjoxb3m9,False,legitimate
fdc29340f89cf020af1d0e0e7a40f3111965dc8682de335d9dc8ef4250d841f1,TJMCz9gthqtsot6f7DNd38nsyGiG2njZpn,TN3W4H6rK2ce4vX9YnFQHwKENnHjoxb3m9,0.0,trx,1788441756000,tron,TN3W4H6rK2ce4vX9YnFQHwKENnHjoxb3m9,False,legitimate
c028414a93afc3e90d9884004162d3d0b840d579195a87d4516743981db19b26,TCoLA49hAuTg34uMh1ykVGSmcrDWdh5a88,TN3W4H6rK2ce4vX9YnFQHwKENnHjoxb3m9,0.0,trx,1788441747000,tron,TN3W4H6rK2ce4vX9YnFQHwKENnHjoxb3m9,False,legitimate
241696224fdced545f051f0f037dd8766bfedf7b6e7049481dc7402fe963dc68,TH8Wjnk3TnKzwX14vhrdVvgXosY4s6XREJ,TN3W4H6rK2ce4vX9YnFQHwKENnHjoxb3m9,0.0,trx,1788441720000,tron,TN3W4H6rK2ce4vX9YnFQHwKENnHjoxb3m9,False,legitimate
eeab2f4c8cd19edcd3b1e4a10b0938b760b0c406f6df955781d00a5d564728a0,TCoLA49hAuTg34uMh1ykVGSmcrDWdh5a88,TN3W4H6rK2ce4vX9YnFQHwKENnHjoxb3m9,0.0,trx,1788441711000,tron,TN3W4H6rK2ce4vX9YnFQHwKENnHjoxb3m9,False,legitimate
543f76f5430be098efba2bd4ef6a336c8596ab64e5fd057abd321da2dd1d36bb,TQZFEuLMSeDyqrgjcQvmdHZGHqUQeXFBo3,TN3W4H6rK2ce4vX9YnFQHwKENnHjoxb3m9,0.0,trx,1788441705000,tron,TN3W4H6rK2ce4vX9YnFQHwKENnHjoxb3m9,False,legitimate
c1ac2fc5f12bcb4c4ee1c57676ba98dfcc3ad80814f2dc9d87247a17f9a2eee6,TWitCqnEJS1wwMpAVWjRqaupb4LSVdM6Qg,TN3W4H6rK2ce4vX9YnFQHwKENnHjoxb3m9,0.0,trx,1788441690000,tron,TN3W4H6rK2ce4vX9YnFQHwKENnHjoxb3m9,False,legitimate
7298d201acc1760061a11f4ee293f4cfc1e7858093eeb4fed68d4eeb64dd4524,TCoLA49hAuTg34uMh1ykVGSmcrDWdh5a88,TN3W4H6rK2ce4vX9YnFQHwKENnHjoxb3m9,0.0,trx,1788441651000,tron,TN3W4H6rK2ce4vX9YnFQHwKENnHjoxb3m9,False,legitimate
12fa74e02b0215372b7499f4982c0be18810d7c5e3d30e265ddcfc95543e18a4,TDF8CahXkh6unCSF55M49G72vSR3ZJ9f2f,TN3W4H6rK2ce4vX9YnFQHwKENnHjoxb3m9,0.0,trx,1788441633000,tron,TN3W4H6rK2ce4vX9YnFQHwKENnHjoxb3m9,False,legitimate
590cbf97793a53055737efa07995c256cea51971fb575d5202e63c3441072e3f,TJtWL26KPmhZd7Zd5P4pRM87ezyRap1WFT,TN3W4H6rK2ce4vX9YnFQHwKENnHjoxb3m9,0.0,trx,1788441603000,tron,TN3W4H6rK2ce4vX9YnFQHwKENnHjoxb3m9,False,legitimate
e9a6a9d73ecacbdd09ec1009e547b58aa886ef97797ba7ffb6a3ac74187d4f40,TCoLA49hAuTg34uMh1ykVGSmcrDWdh5a88,TN3W4H6rK2ce4vX9YnFQHwKENnHjoxb3m9,0.0,trx,1788441555000,tron,TN3W4H6rK2ce4vX9YnFQHwKENnHjoxb3m9,False,legitimate
90a0fb0b68799f476b0c9c11ad33bb3bc330a3023d39bbe059bfde68a2cc5755,TCoLA49hAuTg34uMh1ykVGSmcrDWdh5a88,TN3W4H6rK2ce4vX9YnFQHwKENnHjoxb3m9,0.0,trx,1788441513000,tron,TN3W4H6rK2ce4vX9YnFQHwKENnHjoxb3m9,False,legitimate
6e890428d087b67fcd890c9ea79bb0cbc575d6b83868ad7c03f68ad7c0e0a43a,TCoLA49hAuTg34uMh1ykVGSmcrDWdh5a88,TN3W4H6rK2ce4vX9YnFQHwKENnHjoxb3m9,0.0,trx,1788441474000,tron,TN3W4H6rK2ce4vX9YnFQHwKENnHjoxb3m9,False,legitimate
2a1ad963a7213079e465ab35a199b96e59aa3e91c334a1d639d0d7e4eb340e3c,TH8Wjnk3TnKzwX14vhrdVvgXosY4s6XREJ,TN3W4H6rK2ce4vX9YnFQHwKENnHjoxb3m9,0.0,trx,1788441462000,tron,TN3W4H6rK2ce4vX9YnFQHwKENnHjoxb3m9,False,legitimate
f244a0016c6a9fc838440d22e8ababf8820b4963fc5998ee4c006f35bbb7b513,TCoLA49hAuTg34uMh1ykVGSmcrDWdh5a88,TN3W4H6rK2ce4vX9YnFQHwKENnHjoxb3m9,0.0,trx,1788441444000,tron,TN3W4H6rK2ce4vX9YnFQHwKENnHjoxb3m9,False,legitimate
7dae1300f6c6404023ca086ac157e23c62d18a946594213549f05b7ed26cc4d4,TCoLA49hAuTg34uMh1ykVGSmcrDWdh5a88,TN3W4H6rK2ce4vX9YnFQHwKENnHjoxb3m9,0.0,trx,1788441408000,tron,TN3W4H6rK2ce4vX9YnFQHwKENnHjoxb3m9,False,legitimate
31940d23b91fe1e0bd0d71665fe70b11b96c74f7db1e22859436f94b8bfccc02,TDF8CahXkh6unCSF55M49G72vSR3ZJ9f2f,TN3W4H6rK2ce4vX9YnFQHwKENnHjoxb3m9,0.0,trx,1788441396000,tron,TN3W4H6rK2ce4vX9YnFQHwKENnHjoxb3m9,False,legitimate
afcbb0176977e5121506f660b30f971c7a3730a3f6ce946a14fb8a8ea42e3f83,TJtWL26KPmhZd7Zd5P4pRM87ezyRap1WFT,TN3W4H6rK2ce4vX9YnFQHwKENnHjoxb3m9,0.0,trx,1788441351000,tron,TN3W4H6rK2ce4vX9YnFQHwKENnHjoxb3m9,False,legitimate
c13eb0fdc283df28ea126d564074ce96f02dc8a398e518e7f0f11a657ff41eec,TCoLA49hAuTg34uMh1ykVGSmcrDWdh5a88,TN3W4H6rK2ce4vX9YnFQHwKENnHjoxb3m9,0.0,trx,1788441339000,tron,TN3W4H6rK2ce4vX9YnFQHwKENnHjoxb3m9,False,legitimate
05c6483dd6947e063ec7c1327661759d9063da491f0f4ada19649983e4b8a1e9,TLaGjwhvA8XQYSxFAcAXy7Dvuue9eGYitv,TR7NHqjeKQxGTCi8q8ZY4pL8otSzgjLj6t,0.0,trx,1788446607000,tron,TLaGjwhvA8XQYSxFAcAXy7Dvuue9eGYitv,False,unknown
acc465380db3a693b70cdaffaad835f4506db0a7f4a1bc794ef76c407415fd14,TLaGjwhvA8XQYSxFAcAXy7Dvuue9eGYitv,TR7NHqjeKQxGTCi8q8ZY4pL8otSzgjLj6t,0.0,trx,1788446607000,tron,TLaGjwhvA8XQYSxFAcAXy7Dvuue9eGYitv,False,unknown
fffc12626cc16f1c568283668c939cab42108208a428f18c0b8c2e48f8bc1fbb,TLaGjwhvA8XQYSxFAcAXy7Dvuue9eGYitv,TR7NHqjeKQxGTCi8q8ZY4pL8otSzgjLj6t,0.0,trx,1788446607000,tron,TLaGjwhvA8XQYSxFAcAXy7Dvuue9eGYitv,False,unknown
d81916b97d5c3ce01c09e5f36bd7cf162fd4c9f7968cdf8412e118d16c028319,TLaGjwhvA8XQYSxFAcAXy7Dvuue9eGYitv,TR7NHqjeKQxGTCi8q8ZY4pL8otSzgjLj6t,0.0,trx,1788446607000,tron,TLaGjwhvA8XQYSxFAcAXy7Dvuue9eGYitv,False,unknown
03fcafd55482a918aa5ccb5999bed25d252fb4a68f2d1c372c694612ae55f8df,TLaGjwhvA8XQYSxFAcAXy7Dvuue9eGYitv,TR7NHqjeKQxGTCi8q8ZY4pL8otSzgjLj6t,0.0,trx,1788446607000,tron,TLaGjwhvA8XQYSxFAcAXy7Dvuue9eGYitv,False,unknown
38d8521c1aa2b3abe471eaeff8d0bac38e7ca55cb83016e5c4d92c2480e02de2,TLaGjwhvA8XQYSxFAcAXy7Dvuue9eGYitv,TR7NHqjeKQxGTCi8q8ZY4pL8otSzgjLj6t,0.0,trx,1788446607000,tron,TLaGjwhvA8XQYSxFAcAXy7Dvuue9eGYitv,False,unknown
671d44d2a9989853b925f36cea763f1d60d57e9c8fe8ee268b64a73ae245539b,TLaGjwhvA8XQYSxFAcAXy7Dvuue9eGYitv,TR7NHqjeKQxGTCi8q8ZY4pL8otSzgjLj6t,0.0,trx,1788446607000,tron,TLaGjwhvA8XQYSxFAcAXy7Dvuue9eGYitv,False,unknown
e31cf367c619b5bff9a8dae6959833eee07a1858859f74107f4085bbcc742386,TLaGjwhvA8XQYSxFAcAXy7Dvuue9eGYitv,TR7NHqjeKQxGTCi8q8ZY4pL8otSzgjLj6t,0.0,trx,1788446607000,tron,TLaGjwhvA8XQYSxFAcAXy7Dvuue9eGYitv,False,unknown
208bc1f32593136c4f931b7c6ea1fc173297e7f5ed464a426d42ff2c352ed008,TLaGjwhvA8XQYSxFAcAXy7Dvuue9eGYitv,TR7NHqjeKQxGTCi8q8ZY4pL8otSzgjLj6t,0.0,trx,1788446607000,tron,TLaGjwhvA8XQYSxFAcAXy7Dvuue9eGYitv,False,unknown
3cbb394eb500ff8446843af640538aee9dd5d950583fcefbcbad61152583c079,TLaGjwhvA8XQYSxFAcAXy7Dvuue9eGYitv,TR7NHqjeKQxGTCi8q8ZY4pL8otSzgjLj6t,0.0,trx,1788446607000,tron,TLaGjwhvA8XQYSxFAcAXy7Dvuue9eGYitv,False,unknown
2dc375e34d21da2c6bb849d0169c263031b1282f251a00904957fff4f6f2d8e5,TLaGjwhvA8XQYSxFAcAXy7Dvuue9eGYitv,TR7NHqjeKQxGTCi8q8ZY4pL8otSzgjLj6t,0.0,trx,1788446607000,tron,TLaGjwhvA8XQYSxFAcAXy7Dvuue9eGYitv,False,unknown
f689fc2608d72ec8a545b8579c7448c52b44fd122cb70aceaa7851dee468e6f8,TLaGjwhvA8XQYSxFAcAXy7Dvuue9eGYitv,TR7NHqjeKQxGTCi8q8ZY4pL8otSzgjLj6t,0.0,trx,1788446607000,tron,TLaGjwhvA8XQYSxFAcAXy7Dvuue9eGYitv,False,unknown
93682119f35b3ba9b8b898d9327f5be45d64f9d6b058d921b0aa03c1450c45c2,TLaGjwhvA8XQYSxFAcAXy7Dvuue9eGYitv,TR7NHqjeKQxGTCi8q8ZY4pL8otSzgjLj6t,0.0,trx,1788446607000,tron,TLaGjwhvA8XQYSxFAcAXy7Dvuue9eGYitv,False,unknown
ee12776cb1fcb19e741b086567a8c7da5e077e57beab188b5fe5bdf5ce99eb85,TLaGjwhvA8XQYSxFAcAXy7Dvuue9eGYitv,TR7NHqjeKQxGTCi8q8ZY4pL8otSzgjLj6t,0.0,trx,1788446607000,tron,TLaGjwhvA8XQYSxFAcAXy7Dvuue9eGYitv,False,unknown
57bad08ca4199627d320451d620165d614178894cbd6639585cc67474343fdf1,TLaGjwhvA8XQYSxFAcAXy7Dvuue9eGYitv,TR7NHqjeKQxGTCi8q8ZY4pL8otSzgjLj6t,0.0,trx,1788446598000,tron,TLaGjwhvA8XQYSxFAcAXy7Dvuue9eGYitv,False,unknown
4eadce24288db1e7d2dad72bf5214f876530e60114a3c4f51930da8793280c26,TLaGjwhvA8XQYSxFAcAXy7Dvuue9eGYitv,TR7NHqjeKQxGTCi8q8ZY4pL8otSzgjLj6t,0.0,trx,1788446598000,tron,TLaGjwhvA8XQYSxFAcAXy7Dvuue9eGYitv,False,unknown
aa7e6e0b6c898995cb035548b9f9fc259d6be2ac70c8a887f1e6bd153c6a13cd,TLaGjwhvA8XQYSxFAcAXy7Dvuue9eGYitv,TR7NHqjeKQxGTCi8q8ZY4pL8otSzgjLj6t,0.0,trx,1788446598000,tron,TLaGjwhvA8XQYSxFAcAXy7Dvuue9eGYitv,False,unknown
c79c0243cd86b3598e4dac77a549b86e5c347a80dc0bb14d7d99d8412658a679,TLaGjwhvA8XQYSxFAcAXy7Dvuue9eGYitv,TR7NHqjeKQxGTCi8q8ZY4pL8otSzgjLj6t,0.0,trx,1788446598000,tron,TLaGjwhvA8XQYSxFAcAXy7Dvuue9eGYitv,False,unknown
65f9cae333167d16920c799580da3fda75f4a3c1ac0510585a162302d33ab0f1,TLaGjwhvA8XQYSxFAcAXy7Dvuue9eGYitv,TR7NHqjeKQxGTCi8q8ZY4pL8otSzgjLj6t,0.0,trx,1788446598000,tron,TLaGjwhvA8XQYSxFAcAXy7Dvuue9eGYitv,False,unknown
79562da225a6bcaeeb7155bf043b9e41b6f849ec9b4e22ffb17a3514d09682c8,TLaGjwhvA8XQYSxFAcAXy7Dvuue9eGYitv,TR7NHqjeKQxGTCi8q8ZY4pL8otSzgjLj6t,0.0,trx,1788446595000,tron,TLaGjwhvA8XQYSxFAcAXy7Dvuue9eGYitv,False,unknown
76a8105e6888e092ee76c098bcfdba40aa44a668ea2e1d8a88c473f30b318daa,TLaGjwhvA8XQYSxFAcAXy7Dvuue9eGYitv,TR7NHqjeKQxGTCi8q8ZY4pL8otSzgjLj6t,0.0,trx,1788446595000,tron,TLaGjwhvA8XQYSxFAcAXy7Dvuue9eGYitv,False,unknown
3b12801cb509c00cf7dfd589d533ef79a6c142800f6fc759c9501c5e1f6e764d,TLaGjwhvA8XQYSxFAcAXy7Dvuue9eGYitv,TR7NHqjeKQxGTCi8q8ZY4pL8otSzgjLj6t,0.0,trx,1788446595000,tron,TLaGjwhvA8XQYSxFAcAXy7Dvuue9eGYitv,False,unknown
54f54d5e2cbc1fa93f79b566ee3f1d06d183ccef92cf48188efd6efe4cea1799,TLaGjwhvA8XQYSxFAcAXy7Dvuue9eGYitv,TR7NHqjeKQxGTCi8q8ZY4pL8otSzgjLj6t,0.0,trx,1788446595000,tron,TLaGjwhvA8XQYSxFAcAXy7Dvuue9eGYitv,False,unknown
52dbab2d0187cbba2ebbdcdc9dea3c1ec4d629562397d9974da6078873c4b34c,TLaGjwhvA8XQYSxFAcAXy7Dvuue9eGYitv,TR7NHqjeKQxGTCi8q8ZY4pL8otSzgjLj6t,0.0,trx,1788446595000,tron,TLaGjwhvA8XQYSxFAcAXy7Dvuue9eGYitv,False,unknown
012a3d3c84748d7127eaf44e77333f59387c71d8e857b72bf12f52c072b46244,TLaGjwhvA8XQYSxFAcAXy7Dvuue9eGYitv,TR7NHqjeKQxGTCi8q8ZY4pL8otSzgjLj6t,0.0,trx,1788446595000,tron,TLaGjwhvA8XQYSxFAcAXy7Dvuue9eGYitv,False,unknown
b3d45c2078e3231311e483cbda0ad85bdcc5d919cb5f01aca81905a613a99937,TLaGjwhvA8XQYSxFAcAXy7Dvuue9eGYitv,TR7NHqjeKQxGTCi8q8ZY4pL8otSzgjLj6t,0.0,trx,1788446595000,tron,TLaGjwhvA8XQYSxFAcAXy7Dvuue9eGYitv,False,unknown
3d20292027649c62a0225485c2ea63a52130d3dba6d1645a2c0952aaae919a6d,TLaGjwhvA8XQYSxFAcAXy7Dvuue9eGYitv,TR7NHqjeKQxGTCi8q8ZY4pL8otSzgjLj6t,0.0,trx,1788446595000,tron,TLaGjwhvA8XQYSxFAcAXy7Dvuue9eGYitv,False,unknown
91ca88bf3a805f28b8e79dfe2b29d8d554f058df8bb2933f577348895973580d,TLaGjwhvA8XQYSxFAcAXy7Dvuue9eGYitv,TR7NHqjeKQxGTCi8q8ZY4pL8otSzgjLj6t,0.0,trx,1788446595000,tron,TLaGjwhvA8XQYSxFAcAXy7Dvuue9eGYitv,False,unknown
67c12f0a9edc843ed4662f413f00f09eaa46d7b6a203efd32e5d7e0744181228,TLaGjwhvA8XQYSxFAcAXy7Dvuue9eGYitv,TR7NHqjeKQxGTCi8q8ZY4pL8otSzgjLj6t,0.0,trx,1788446595000,tron,TLaGjwhvA8XQYSxFAcAXy7Dvuue9eGYitv,False,unknown
f7567a404f86c885500b70bb3fe76bf887c7bdbfc536ec39cdcf22231971a93b,TLaGjwhvA8XQYSxFAcAXy7Dvuue9eGYitv,TR7NHqjeKQxGTCi8q8ZY4pL8otSzgjLj6t,0.0,trx,1788446595000,tron,TLaGjwhvA8XQYSxFAcAXy7Dvuue9eGYitv,False,unknown
e61a782eb36bf6b8347554740ae5f9d19307e98e470a1eef6383a4838c6e73ec,TLaGjwhvA8XQYSxFAcAXy7Dvuue9eGYitv,TR7NHqjeKQxGTCi8q8ZY4pL8otSzgjLj6t,0.0,trx,1788446595000,tron,TLaGjwhvA8XQYSxFAcAXy7Dvuue9eGYitv,False,unknown
e4a21e9f1be6cdb0814e67007a01bd8c4474fc53b6169fc630e91641f8a7d531,TLaGjwhvA8XQYSxFAcAXy7Dvuue9eGYitv,TR7NHqjeKQxGTCi8q8ZY4pL8otSzgjLj6t,0.0,trx,1788446595000,tron,TLaGjwhvA8XQYSxFAcAXy7Dvuue9eGYitv,False,unknown
bb4aee35fa010ddb2c5493eda72086153223c6b0ec6af5f658aceda80ec51911,TLaGjwhvA8XQYSxFAcAXy7Dvuue9eGYitv,TR7NHqjeKQxGTCi8q8ZY4pL8otSzgjLj6t,0.0,trx,1788446589000,tron,TLaGjwhvA8XQYSxFAcAXy7Dvuue9eGYitv,False,unknown
5420cd91b5b40bcfd3ff5a5be85cd9b882b6a174ae21d402de868ebfc17dedfc,TLaGjwhvA8XQYSxFAcAXy7Dvuue9eGYitv,TR7NHqjeKQxGTCi8q8ZY4pL8otSzgjLj6t,0.0,trx,1788446589000,tron,TLaGjwhvA8XQYSxFAcAXy7Dvuue9eGYitv,False,unknown
3fd9ad4e19838aa853199e208d6bbb02b4d1c5b3547be05c26a4462d1faafb50,TLaGjwhvA8XQYSxFAcAXy7Dvuue9eGYitv,TR7NHqjeKQxGTCi8q8ZY4pL8otSzgjLj6t,0.0,trx,1788446589000,tron,TLaGjwhvA8XQYSxFAcAXy7Dvuue9eGYitv,False,unknown
bd1bfa27f3f5982d79ce8d6c899c67363f5264a61dbb084162f06a3501615e9d,TLaGjwhvA8XQYSxFAcAXy7Dvuue9eGYitv,TR7NHqjeKQxGTCi8q8ZY4pL8otSzgjLj6t,0.0,trx,1788446586000,tron,TLaGjwhvA8XQYSxFAcAXy7Dvuue9eGYitv,False,unknown
a409ee02e927c821c59e887e95eecbf079089532a60717460c4f1845aae3a446,TLaGjwhvA8XQYSxFAcAXy7Dvuue9eGYitv,TR7NHqjeKQxGTCi8q8ZY4pL8otSzgjLj6t,0.0,trx,1788446586000,tron,TLaGjwhvA8XQYSxFAcAXy7Dvuue9eGYitv,False,unknown
cc120dea57e126543d26a329d4d5ecb5e988689f168fe2d00d69e40ed2b99e29,TLaGjwhvA8XQYSxFAcAXy7Dvuue9eGYitv,TR7NHqjeKQxGTCi8q8ZY4pL8otSzgjLj6t,0.0,trx,1788446586000,tron,TLaGjwhvA8XQYSxFAcAXy7Dvuue9eGYitv,False,unknown
6663e5458ce397ec2dfd5b257cc2c371f0c68bea4425f6eab5d32880327b84cf,TLaGjwhvA8XQYSxFAcAXy7Dvuue9eGYitv,TR7NHqjeKQxGTCi8q8ZY4pL8otSzgjLj6t,0.0,trx,1788446586000,tron,TLaGjwhvA8XQYSxFAcAXy7Dvuue9eGYitv,False,unknown
f0afea4c4ff09c9ac65f9280daec87cd7c0695f8824162901145af003e925f2e,TLaGjwhvA8XQYSxFAcAXy7Dvuue9eGYitv,TR7NHqjeKQxGTCi8q8ZY4pL8otSzgjLj6t,0.0,trx,1788446586000,tron,TLaGjwhvA8XQYSxFAcAXy7Dvuue9eGYitv,False,unknown
78654b741d21adf5ac7782930f6efc59a8123c87ae6e0863d5629ad8735054a8,TLaGjwhvA8XQYSxFAcAXy7Dvuue9eGYitv,TR7NHqjeKQxGTCi8q8ZY4pL8otSzgjLj6t,0.0,trx,1788446586000,tron,TLaGjwhvA8XQYSxFAcAXy7Dvuue9eGYitv,False,unknown
f409648ab3c40a192386c95892c3a010b6999422552bab9c8ecf58961359e5fe,TLaGjwhvA8XQYSxFAcAXy7Dvuue9eGYitv,TR7NHqjeKQxGTCi8q8ZY4pL8otSzgjLj6t,0.0,trx,1788446586000,tron,TLaGjwhvA8XQYSxFAcAXy7Dvuue9eGYitv,False,unknown
bfb084f53ef1b989bc5b8fb9f0b7661667058327defc5d98d463f892840cc55f,TLaGjwhvA8XQYSxFAcAXy7Dvuue9eGYitv,TR7NHqjeKQxGTCi8q8ZY4pL8otSzgjLj6t,0.0,trx,1788446586000,tron,TLaGjwhvA8XQYSxFAcAXy7Dvuue9eGYitv,False,unknown
8864400413967d23d2072ab4eaac67de692ccec2f0a9763dd5d092439698ddfb,TLaGjwhvA8XQYSxFAcAXy7Dvuue9eGYitv,TR7NHqjeKQxGTCi8q8ZY4pL8otSzgjLj6t,0.0,trx,1788446586000,tron,TLaGjwhvA8XQYSxFAcAXy7Dvuue9eGYitv,False,unknown
a6237f3abdd43d08b713a20a52a9f79fe4d620f8efa814b8c42a2ab90b9012e4,TLaGjwhvA8XQYSxFAcAXy7Dvuue9eGYitv,TR7NHqjeKQxGTCi8q8ZY4pL8otSzgjLj6t,0.0,trx,1788446586000,tron,TLaGjwhvA8XQYSxFAcAXy7Dvuue9eGYitv,False,unknown
67714f2a16c3d8a5714c31560830555e68aa3ec462563db2d3c2b20e4f5a9b8f,TLaGjwhvA8XQYSxFAcAXy7Dvuue9eGYitv,TR7NHqjeKQxGTCi8q8ZY4pL8otSzgjLj6t,0.0,trx,1788446586000,tron,TLaGjwhvA8XQYSxFAcAXy7Dvuue9eGYitv,False,unknown
e5f2198398f3eeb5fe30c3998e99bab87e4c7e7717245db4f7aec27a2a199fb8,TLaGjwhvA8XQYSxFAcAXy7Dvuue9eGYitv,TR7NHqjeKQxGTCi8q8ZY4pL8otSzgjLj6t,0.0,trx,1788446577000,tron,TLaGjwhvA8XQYSxFAcAXy7Dvuue9eGYitv,False,unknown
29097a7146e4c444d16bb0cae85df2386d9f1b33e324b80c486ca9ae87c4144e,TLaGjwhvA8XQYSxFAcAXy7Dvuue9eGYitv,TR7NHqjeKQxGTCi8q8ZY4pL8otSzgjLj6t,0.0,trx,1788446577000,tron,TLaGjwhvA8XQYSxFAcAXy7Dvuue9eGYitv,False,unknown
38daa997130ff9fcc2d4a92b5ceed0dae8fcc14487698581dcf8389a4855268e,TLaGjwhvA8XQYSxFAcAXy7Dvuue9eGYitv,TR7NHqjeKQxGTCi8q8ZY4pL8otSzgjLj6t,0.0,trx,1788446577000,tron,TLaGjwhvA8XQYSxFAcAXy7Dvuue9eGYitv,False,unknown
4e5aa6abbea34d7620cb95d2fb1de0e9a3db328f5d323aace19926c7f0471788,TLaGjwhvA8XQYSxFAcAXy7Dvuue9eGYitv,TR7NHqjeKQxGTCi8q8ZY4pL8otSzgjLj6t,0.0,trx,1788446577000,tron,TLaGjwhvA8XQYSxFAcAXy7Dvuue9eGYitv,False,unknown
bad4718fb888bf82bce8216c217fca18e37a47d5259b16a4ea7ac843c1e2b3f8,TCoLA49hAuTg34uMh1ykVGSmcrDWdh5a88,TN3W4H6rK2ce4vX9YnFQHwKENnHjoxb3m9,0.0,trx,1788445293000,tron,TCoLA49hAuTg34uMh1ykVGSmcrDWdh5a88,False,unknown
c51954941f57e2e61feead50e0a985591aaee6bfb6fbf121ad018394d8fe6917,TCoLA49hAuTg34uMh1ykVGSmcrDWdh5a88,TNJVzGqKBWkJxJB5XYSqGAwUTV15U24pPq,0.0,trx,1788445281000,tron,TCoLA49hAuTg34uMh1ykVGSmcrDWdh5a88,False,unknown
f08ecca56e1a749239b994807af9ef286015e48a89d4ea82a94b3696e59ab8dc,TCoLA49hAuTg34uMh1ykVGSmcrDWdh5a88,TNJVzGqKBWkJxJB5XYSqGAwUTV15U24pPq,0.0,trx,1788445281000,tron,TCoLA49hAuTg34uMh1ykVGSmcrDWdh5a88,False,unknown
b2cc7e6991f45f1e15975ce2b11e08162b63ea94b92dadbaf56c5257778aad79,TCoLA49hAuTg34uMh1ykVGSmcrDWdh5a88,TNJVzGqKBWkJxJB5XYSqGAwUTV15U24pPq,0.0,trx,1788445281000,tron,TCoLA49hAuTg34uMh1ykVGSmcrDWdh5a88,False,unknown
ae916e6bff8f9b770dbf464dbd5dec48fe4a844bbdf567f8440299b0e2a2f212,TCoLA49hAuTg34uMh1ykVGSmcrDWdh5a88,TNJVzGqKBWkJxJB5XYSqGAwUTV15U24pPq,0.0,trx,1788445281000,tron,TCoLA49hAuTg34uMh1ykVGSmcrDWdh5a88,False,unknown
1ecca1e39f953722c2ab55f6b7e9082ee0fe5a0ddda4ae4c06f879f3d24579c4,TCoLA49hAuTg34uMh1ykVGSmcrDWdh5a88,TNJVzGqKBWkJxJB5XYSqGAwUTV15U24pPq,0.0,trx,1788445281000,tron,TCoLA49hAuTg34uMh1ykVGSmcrDWdh5a88,False,unknown
8d035cf9576d949c6e75b4fe7990a85cb20e1cf47f2419e5dc7efeb90d13e9fd,TCoLA49hAuTg34uMh1ykVGSmcrDWdh5a88,TNJVzGqKBWkJxJB5XYSqGAwUTV15U24pPq,0.0,trx,1788445281000,tron,TCoLA49hAuTg34uMh1ykVGSmcrDWdh5a88,False,unknown
a92d2db1c0bad5bb3a1cb4a29c01f827fc066b2f36b621adad1f9b2f5c8f0263,TCoLA49hAuTg34uMh1ykVGSmcrDWdh5a88,TNJVzGqKBWkJxJB5XYSqGAwUTV15U24pPq,0.0,trx,1788445281000,tron,TCoLA49hAuTg34uMh1ykVGSmcrDWdh5a88,False,unknown
1a6f12fa797b361da9e25f3aac78ee96b4203451b871f8f23684a75c12b872f2,TCoLA49hAuTg34uMh1ykVGSmcrDWdh5a88,TNJVzGqKBWkJxJB5XYSqGAwUTV15U24pPq,0.0,trx,1788445281000,tron,TCoLA49hAuTg34uMh1ykVGSmcrDWdh5a88,False,unknown
b280b5ee56b7138c74b873e10862d6bdbaef9f1bcefbf077b5599dbec25e142a,TCoLA49hAuTg34uMh1ykVGSmcrDWdh5a88,TNJVzGqKBWkJxJB5XYSqGAwUTV15U24pPq,0.0,trx,1788445281000,tron,TCoLA49hAuTg34uMh1ykVGSmcrDWdh5a88,False,unknown
2308a4469bad53f21da182a1a8003f1217992b9525fa08cb9fed51090e791a69,TCoLA49hAuTg34uMh1ykVGSmcrDWdh5a88,TNJVzGqKBWkJxJB5XYSqGAwUTV15U24pPq,0.0,trx,1788445281000,tron,TCoLA49hAuTg34uMh1ykVGSmcrDWdh5a88,False,unknown
641e492609641a2562efd14cc3de97b26657235f17d98bc50e7e1607164a86d2,TCoLA49hAuTg34uMh1ykVGSmcrDWdh5a88,TNJVzGqKBWkJxJB5XYSqGAwUTV15U24pPq,0.0,trx,1788445281000,tron,TCoLA49hAuTg34uMh1ykVGSmcrDWdh5a88,False,unknown
ce5aa67b521c6c855b02d83136d9d3e2e2237efc17ecdbb482d2abee25f11c24,TCoLA49hAuTg34uMh1ykVGSmcrDWdh5a88,TNJVzGqKBWkJxJB5XYSqGAwUTV15U24pPq,0.0,trx,1788445281000,tron,TCoLA49hAuTg34uMh1ykVGSmcrDWdh5a88,False,unknown
91f4d24aa243440569a1c28430399699a9991180753f47b46410a2e5364a8ba4,TCoLA49hAuTg34uMh1ykVGSmcrDWdh5a88,TN3W4H6rK2ce4vX9YnFQHwKENnHjoxb3m9,0.0,trx,1788443220000,tron,TCoLA49hAuTg34uMh1ykVGSmcrDWdh5a88,False,unknown
fe3edf9f397bacadfdbe33e56cc211b10351455ab284f8d7b8dc8201d2bd12ee,TCoLA49hAuTg34uMh1ykVGSmcrDWdh5a88,TNJVzGqKBWkJxJB5XYSqGAwUTV15U24pPq,0.0,trx,1788442008000,tron,TCoLA49hAuTg34uMh1ykVGSmcrDWdh5a88,False,unknown
7c2f3a4c3343d749808181f11e0c953db904c4ba56c7ff671380f2417b215820,TCoLA49hAuTg34uMh1ykVGSmcrDWdh5a88,TNJVzGqKBWkJxJB5XYSqGAwUTV15U24pPq,0.0,trx,1788442008000,tron,TCoLA49hAuTg34uMh1ykVGSmcrDWdh5a88,False,unknown
9c14cc93f89b69183442c4309012940f5dcde1ad254fc35896f7615b29bb3d51,TCoLA49hAuTg34uMh1ykVGSmcrDWdh5a88,TNJVzGqKBWkJxJB5XYSqGAwUTV15U24pPq,0.0,trx,1788442008000,tron,TCoLA49hAuTg34uMh1ykVGSmcrDWdh5a88,False,unknown
9918fc3f1024815db972c73e137bfff3503bafbfeecfe94a6f898d4461369701,TCoLA49hAuTg34uMh1ykVGSmcrDWdh5a88,TNJVzGqKBWkJxJB5XYSqGAwUTV15U24pPq,0.0,trx,1788442005000,tron,TCoLA49hAuTg34uMh1ykVGSmcrDWdh5a88,False,unknown
42003c3c0366d7ec4e6cbea5dd6ef4361c4967aa1861af205799b72138214879,TCoLA49hAuTg34uMh1ykVGSmcrDWdh5a88,TNJVzGqKBWkJxJB5XYSqGAwUTV15U24pPq,0.0,trx,1788442005000,tron,TCoLA49hAuTg34uMh1ykVGSmcrDWdh5a88,False,unknown
c118c10c51bb0d4af85648cf8779acbc1c6a2ee7a5ca15a50e04bf5ae4f9b635,TCoLA49hAuTg34uMh1ykVGSmcrDWdh5a88,TNJVzGqKBWkJxJB5XYSqGAwUTV15U24pPq,0.0,trx,1788442005000,tron,TCoLA49hAuTg34uMh1ykVGSmcrDWdh5a88,False,unknown
2cc6c125bf307aabef547614c4efccdeb5c918b1a9ef1acfc89aa0bf740ff6fd,TCoLA49hAuTg34uMh1ykVGSmcrDWdh5a88,TNJVzGqKBWkJxJB5XYSqGAwUTV15U24pPq,0.0,trx,1788442005000,tron,TCoLA49hAuTg34uMh1ykVGSmcrDWdh5a88,False,unknown
69059c883280e7d50da159887ec74eaa94ff4280b9ebfb310059f893cbb5917c,TCoLA49hAuTg34uMh1ykVGSmcrDWdh5a88,TNJVzGqKBWkJxJB5XYSqGAwUTV15U24pPq,0.0,trx,1788442005000,tron,TCoLA49hAuTg34uMh1ykVGSmcrDWdh5a88,False,unknown
a07eb20ef68c55aa6f522efcdfdeb5f89c6cb22dc44caf756cf81528d39efc71,TCoLA49hAuTg34uMh1ykVGSmcrDWdh5a88,TNJVzGqKBWkJxJB5XYSqGAwUTV15U24pPq,0.0,trx,1788442005000,tron,TCoLA49hAuTg34uMh1ykVGSmcrDWdh5a88,False,unknown
645402e5527a59eb9a2d11c81cb68857751e1a5bec3fb71b44a4d581c1cd000b,TCoLA49hAuTg34uMh1ykVGSmcrDWdh5a88,TN3W4H6rK2ce4vX9YnFQHwKENnHjoxb3m9,0.0,trx,1788441999000,tron,TCoLA49hAuTg34uMh1ykVGSmcrDWdh5a88,False,unknown
2d424f2821a93cfd4ef0ffac0219538f414b7fbf2be8776938aacd078f17d35a,TCoLA49hAuTg34uMh1ykVGSmcrDWdh5a88,TNJVzGqKBWkJxJB5XYSqGAwUTV15U24pPq,0.0,trx,1788441990000,tron,TCoLA49hAuTg34uMh1ykVGSmcrDWdh5a88,False,unknown
ee478015b4656fec13d299b1de699f4e2955263d8a81f851c0ae21c18df9a7eb,TCoLA49hAuTg34uMh1ykVGSmcrDWdh5a88,TNJVzGqKBWkJxJB5XYSqGAwUTV15U24pPq,0.0,trx,1788441990000,tron,TCoLA49hAuTg34uMh1ykVGSmcrDWdh5a88,False,unknown
20d17c94ee909ffa1aaec468cb729afaba62ebb29c31d0ced90533fa0d29ffdd,TCoLA49hAuTg34uMh1ykVGSmcrDWdh5a88,TNJVzGqKBWkJxJB5XYSqGAwUTV15U24pPq,0.0,trx,1788441990000,tron,TCoLA49hAuTg34uMh1ykVGSmcrDWdh5a88,False,unknown
cc0e4b51de28c7baa782ee5a59657321dc7e7f2e76f85a83e5ed422c74b4ad45,TCoLA49hAuTg34uMh1ykVGSmcrDWdh5a88,TNJVzGqKBWkJxJB5XYSqGAwUTV15U24pPq,0.0,trx,1788441990000,tron,TCoLA49hAuTg34uMh1ykVGSmcrDWdh5a88,False,unknown
6f9b20044225ecac6bee25622ccdb7ab6144a1e2f5ce8e68f0b4fecb3cee8a84,TCoLA49hAuTg34uMh1ykVGSmcrDWdh5a88,TNJVzGqKBWkJxJB5XYSqGAwUTV15U24pPq,0.0,trx,1788441990000,tron,TCoLA49hAuTg34uMh1ykVGSmcrDWdh5a88,False,unknown
942127886c94b3dca7d8e7ad5e907b09c46e6382b9c375695fcfb7d69235631a,TCoLA49hAuTg34uMh1ykVGSmcrDWdh5a88,TNJVzGqKBWkJxJB5XYSqGAwUTV15U24pPq,0.0,trx,1788441990000,tron,TCoLA49hAuTg34uMh1ykVGSmcrDWdh5a88,False,unknown
62a3b004b02f8a92f21d270350ea3d97e331fd7d5afb349bb613a7364451ca2b,TCoLA49hAuTg34uMh1ykVGSmcrDWdh5a88,TNJVzGqKBWkJxJB5XYSqGAwUTV15U24pPq,0.0,trx,1788441990000,tron,TCoLA49hAuTg34uMh1ykVGSmcrDWdh5a88,False,unknown
e44f55279c47b3c213352798bfcb1c2b7d22c518c6d8fca8f183b03bda43c66a,TCoLA49hAuTg34uMh1ykVGSmcrDWdh5a88,TNJVzGqKBWkJxJB5XYSqGAwUTV15U24pPq,0.0,trx,1788441990000,tron,TCoLA49hAuTg34uMh1ykVGSmcrDWdh5a88,False,unknown
f70ae8b5cb173cf3b100041dfcb98a10f9eb652b0aee320ddc24a68de14b51a7,TCoLA49hAuTg34uMh1ykVGSmcrDWdh5a88,TNJVzGqKBWkJxJB5XYSqGAwUTV15U24pPq,0.0,trx,1788441990000,tron,TCoLA49hAuTg34uMh1ykVGSmcrDWdh5a88,False,unknown
6bf25d398d1bee27f693b614820651921c80f06095a931cd2af493efabefa421,TCoLA49hAuTg34uMh1ykVGSmcrDWdh5a88,TNJVzGqKBWkJxJB5XYSqGAwUTV15U24pPq,0.0,trx,1788441990000,tron,TCoLA49hAuTg34uMh1ykVGSmcrDWdh5a88,False,unknown
3f6a789a2bfe35ce94114edf1321ef0cf633fffa61ecb31eda1172c1f33b1ba4,TCoLA49hAuTg34uMh1ykVGSmcrDWdh5a88,TNJVzGqKBWkJxJB5XYSqGAwUTV15U24pPq,0.0,trx,1788441990000,tron,TCoLA49hAuTg34uMh1ykVGSmcrDWdh5a88,False,unknown
362ed34220e0940d70cc568abd2fc64cec84a9c9f47d5cc85e38f88bd714c99c,TCoLA49hAuTg34uMh1ykVGSmcrDWdh5a88,TNJVzGqKBWkJxJB5XYSqGAwUTV15U24pPq,0.0,trx,1788441990000,tron,TCoLA49hAuTg34uMh1ykVGSmcrDWdh5a88,False,unknown
da4e53bf05ceacb972aa14529c18059c223f97917cc8ffdca79c26cce4e86973,TCoLA49hAuTg34uMh1ykVGSmcrDWdh5a88,TNJVzGqKBWkJxJB5XYSqGAwUTV15U24pPq,0.0,trx,1788441978000,tron,TCoLA49hAuTg34uMh1ykVGSmcrDWdh5a88,False,unknown
be903aed85c3eec32d23eced0878ca0c07bc7034dfa7e9c1579d0f6835d4b2da,TCoLA49hAuTg34uMh1ykVGSmcrDWdh5a88,TNJVzGqKBWkJxJB5XYSqGAwUTV15U24pPq,0.0,trx,1788441978000,tron,TCoLA49hAuTg34uMh1ykVGSmcrDWdh5a88,False,unknown
af364d39feee901b2e07f08ff2b9998c618e736e07e4f5badba63aa5081ac334,TCoLA49hAuTg34uMh1ykVGSmcrDWdh5a88,TNJVzGqKBWkJxJB5XYSqGAwUTV15U24pPq,0.0,trx,1788441978000,tron,TCoLA49hAuTg34uMh1ykVGSmcrDWdh5a88,False,unknown
b4ca195dcaeb6852f73a72d3f9f01e2f1181078a0143461bcf934db12b3052cf,TCoLA49hAuTg34uMh1ykVGSmcrDWdh5a88,TNJVzGqKBWkJxJB5XYSqGAwUTV15U24pPq,0.0,trx,1788441978000,tron,TCoLA49hAuTg34uMh1ykVGSmcrDWdh5a88,False,unknown
9f82d2cca304f584370140793d17860c216043f6aba3253981fbd05408fb05da,TCoLA49hAuTg34uMh1ykVGSmcrDWdh5a88,TNJVzGqKBWkJxJB5XYSqGAwUTV15U24pPq,0.0,trx,1788441978000,tron,TCoLA49hAuTg34uMh1ykVGSmcrDWdh5a88,False,unknown
ce875a5100481c96964217018da7e7e3674aa6224e17aa404309312e465b7769,TCoLA49hAuTg34uMh1ykVGSmcrDWdh5a88,TNJVzGqKBWkJxJB5XYSqGAwUTV15U24pPq,0.0,trx,1788441978000,tron,TCoLA49hAuTg34uMh1ykVGSmcrDWdh5a88,False,unknown
6de4762a41994689710312c867c34f8b9a75cd7d51c0da4dd49f4e9092529cf7,TCoLA49hAuTg34uMh1ykVGSmcrDWdh5a88,TN3W4H6rK2ce4vX9YnFQHwKENnHjoxb3m9,0.0,trx,1788441975000,tron,TCoLA49hAuTg34uMh1ykVGSmcrDWdh5a88,False,unknown
e91f16a25435f91c7a03b3a239835759ae54f79f10e6ba5b4cc26500512abd24,TCoLA49hAuTg34uMh1ykVGSmcrDWdh5a88,TNJVzGqKBWkJxJB5XYSqGAwUTV15U24pPq,0.0,trx,1788441966000,tron,TCoLA49hAuTg34uMh1ykVGSmcrDWdh5a88,False,unknown
59634aa0c487def99c2bbe0818cb03e9600ecef9c7bd1fda4d9259a031e742a9,TCoLA49hAuTg34uMh1ykVGSmcrDWdh5a88,TNJVzGqKBWkJxJB5XYSqGAwUTV15U24pPq,0.0,trx,1788441966000,tron,TCoLA49hAuTg34uMh1ykVGSmcrDWdh5a88,False,unknown
7c6641010d39650db9631731c472f7e0e19a549fcd93af41dd2b31bfc845e12a,TCoLA49hAuTg34uMh1ykVGSmcrDWdh5a88,TNJVzGqKBWkJxJB5XYSqGAwUTV15U24pPq,0.0,trx,1788441966000,tron,TCoLA49hAuTg34uMh1ykVGSmcrDWdh5a88,False,unknown
a67fce63f4cea87809736b1e2d3dac407932511d0d9cd32c6d163e761ee16dee,TCoLA49hAuTg34uMh1ykVGSmcrDWdh5a88,TNJVzGqKBWkJxJB5XYSqGAwUTV15U24pPq,0.0,trx,1788441966000,tron,TCoLA49hAuTg34uMh1ykVGSmcrDWdh5a88,False,unknown
96e3a3fa6411557b688e459410396d32f18ff49f9d6948adf15d812db05f6185,TCoLA49hAuTg34uMh1ykVGSmcrDWdh5a88,TNJVzGqKBWkJxJB5XYSqGAwUTV15U24pPq,0.0,trx,1788441966000,tron,TCoLA49hAuTg34uMh1ykVGSmcrDWdh5a88,False,unknown
4876d170c5e3ce1d97573be398758aa7325025a993baf9ab742c6baf990a23a2,TCoLA49hAuTg34uMh1ykVGSmcrDWdh5a88,TNJVzGqKBWkJxJB5XYSqGAwUTV15U24pPq,0.0,trx,1788441951000,tron,TCoLA49hAuTg34uMh1ykVGSmcrDWdh5a88,False,unknown
ca5f93b959932a5e040416cd693fca6a0610bdbc8ab00d8ad585369671f3bd13,TCoLA49hAuTg34uMh1ykVGSmcrDWdh5a88,TNJVzGqKBWkJxJB5XYSqGAwUTV15U24pPq,0.0,trx,1788441951000,tron,TCoLA49hAuTg34uMh1ykVGSmcrDWdh5a88,False,unknown
41906b66d9078ac1d35cb82bac0f2575219b150dc8df6fdd9c8ada321e833ec6,TT5iK8oqGEyRKJAnRwrLSZ4fM5y77F2LNT,TJtWL26KPmhZd7Zd5P4pRM87ezyRap1WFT,0.0,trx,1788445563000,tron,TJtWL26KPmhZd7Zd5P4pRM87ezyRap1WFT,False,unknown
4274a64b051bedde6b112d5d4259039831d75b3799dc07dac1571491288a7f6a,TT5iK8oqGEyRKJAnRwrLSZ4fM5y77F2LNT,TJtWL26KPmhZd7Zd5P4pRM87ezyRap1WFT,0.0,trx,1788445563000,tron,TJtWL26KPmhZd7Zd5P4pRM87ezyRap1WFT,False,unknown
ce19057b83bbd1ebd24d90438ee2a85c9de19ba78818dc46a8db742542fcdba8,TJtWL26KPmhZd7Zd5P4pRM87ezyRap1WFT,TN3W4H6rK2ce4vX9YnFQHwKENnHjoxb3m9,0.0,trx,1788445470000,tron,TJtWL26KPmhZd7Zd5P4pRM87ezyRap1WFT,False,unknown
06508da4fcf8500d19af34b6457c403279c2cdeaf457de848728cefe8dce0ade,TT5iK8oqGEyRKJAnRwrLSZ4fM5y77F2LNT,TJtWL26KPmhZd7Zd5P4pRM87ezyRap1WFT,0.0,trx,1788445386000,tron,TJtWL26KPmhZd7Zd5P4pRM87ezyRap1WFT,False,unknown
2b8cb1a4232b3278e60bd3132bca4c8137a9cc5a50e4def0e685853b265f59de,TT5iK8oqGEyRKJAnRwrLSZ4fM5y77F2LNT,TJtWL26KPmhZd7Zd5P4pRM87ezyRap1WFT,0.0,trx,1788445386000,tron,TJtWL26KPmhZd7Zd5P4pRM87ezyRap1WFT,False,unknown
face98b534be9e97e9fc498c5d5058086e6bef5a200c27e7de07f3a9d339d5bb,TT5iK8oqGEyRKJAnRwrLSZ4fM5y77F2LNT,TJtWL26KPmhZd7Zd5P4pRM87ezyRap1WFT,0.0,trx,1788443472000,tron,TJtWL26KPmhZd7Zd5P4pRM87ezyRap1WFT,False,unknown
d266f44e8501a8cba8cc408ff2905ddaa0a172657f40bbd0cd334ec1d56f0ff9,TT5iK8oqGEyRKJAnRwrLSZ4fM5y77F2LNT,TJtWL26KPmhZd7Zd5P4pRM87ezyRap1WFT,0.0,trx,1788443472000,tron,TJtWL26KPmhZd7Zd5P4pRM87ezyRap1WFT,False,unknown
b210529ae2049019c1acabdfac53283f6f79f61aa354239769d789fc1af24606,TJtWL26KPmhZd7Zd5P4pRM87ezyRap1WFT,TN3W4H6rK2ce4vX9YnFQHwKENnHjoxb3m9,0.0,trx,1788443388000,tron,TJtWL26KPmhZd7Zd5P4pRM87ezyRap1WFT,False,unknown
2d5c161b9fb852ab549d3f26af70036d3619c9585c77fabf330fc090a3451e85,TT5iK8oqGEyRKJAnRwrLSZ4fM5y77F2LNT,TJtWL26KPmhZd7Zd5P4pRM87ezyRap1WFT,0.0,trx,1788443313000,tron,TJtWL26KPmhZd7Zd5P4pRM87ezyRap1WFT,False,unknown
a8f5d2a2abf20e055a348574941e2923cf46bc03659efad340cd7e32034a407d,TT5iK8oqGEyRKJAnRwrLSZ4fM5y77F2LNT,TJtWL26KPmhZd7Zd5P4pRM87ezyRap1WFT,0.0,trx,1788443313000,tron,TJtWL26KPmhZd7Zd5P4pRM87ezyRap1WFT,False,unknown
0f13e2668a48638ab6990f49a300471491fd6446cf01612e961a0d32b8eae87e,TT5iK8oqGEyRKJAnRwrLSZ4fM5y77F2LNT,TJtWL26KPmhZd7Zd5P4pRM87ezyRap1WFT,0.0,trx,1788442428000,tron,TJtWL26KPmhZd7Zd5P4pRM87ezyRap1WFT,False,unknown
2944a68a2341a27dcac72559c0072f3ebb3b065a0638d7aea879a1d9a33b311f,TT5iK8oqGEyRKJAnRwrLSZ4fM5y77F2LNT,TJtWL26KPmhZd7Zd5P4pRM87ezyRap1WFT,0.0,trx,1788442422000,tron,TJtWL26KPmhZd7Zd5P4pRM87ezyRap1WFT,False,unknown
e2a07f7d7f26d20e255910c5bd9385a47cb6d4c6d16599d9a25cd46e7ac5e286,TJtWL26KPmhZd7Zd5P4pRM87ezyRap1WFT,TN3W4H6rK2ce4vX9YnFQHwKENnHjoxb3m9,0.0,trx,1788442344000,tron,TJtWL26KPmhZd7Zd5P4pRM87ezyRap1WFT,False,unknown
39add4fb83f5cb563aba3d7efc609ab9f6dee153ef66815bd6692d41df91250e,TT5iK8oqGEyRKJAnRwrLSZ4fM5y77F2LNT,TJtWL26KPmhZd7Zd5P4pRM87ezyRap1WFT,0.0,trx,1788442257000,tron,TJtWL26KPmhZd7Zd5P4pRM87ezyRap1WFT,False,unknown
ac1fe7f50de54cb26d26d2927537de6244a9b8b00ec67fda283a921b0288b7d7,TT5iK8oqGEyRKJAnRwrLSZ4fM5y77F2LNT,TJtWL26KPmhZd7Zd5P4pRM87ezyRap1WFT,0.0,trx,1788442257000,tron,TJtWL26KPmhZd7Zd5P4pRM87ezyRap1WFT,False,unknown
ae7a7f9e393f9542f35ac39c51bef4a91416128ba930dd0b1c79e5939180c7bb,TT5iK8oqGEyRKJAnRwrLSZ4fM5y77F2LNT,TJtWL26KPmhZd7Zd5P4pRM87ezyRap1WFT,0.0,trx,1788442185000,tron,TJtWL26KPmhZd7Zd5P4pRM87ezyRap1WFT,False,unknown
28961016a4c4acebb875e8117f0979846d8fc59764a8599e174bac3d89d65023,TT5iK8oqGEyRKJAnRwrLSZ4fM5y77F2LNT,TJtWL26KPmhZd7Zd5P4pRM87ezyRap1WFT,0.0,trx,1788442185000,tron,TJtWL26KPmhZd7Zd5P4pRM87ezyRap1WFT,False,unknown
bb161073e057548f6e96fef97a7152d5485baecf470da49ad5128b1aba1cbf6f,TJtWL26KPmhZd7Zd5P4pRM87ezyRap1WFT,TN3W4H6rK2ce4vX9YnFQHwKENnHjoxb3m9,0.0,trx,1788442110000,tron,TJtWL26KPmhZd7Zd5P4pRM87ezyRap1WFT,False,unknown
d937d701adcd75d3f5fbdbf59aa1a8581ee4d5b1c0da7c440b9b83b784f085f7,TT5iK8oqGEyRKJAnRwrLSZ4fM5y77F2LNT,TJtWL26KPmhZd7Zd5P4pRM87ezyRap1WFT,0.0,trx,1788442029000,tron,TJtWL26KPmhZd7Zd5P4pRM87ezyRap1WFT,False,unknown
b89a821de970aaf0e2d35ac1c64cdd45fe79c510d810be417535d13d48b535e3,TT5iK8oqGEyRKJAnRwrLSZ4fM5y77F2LNT,TJtWL26KPmhZd7Zd5P4pRM87ezyRap1WFT,0.0,trx,1788442029000,tron,TJtWL26KPmhZd7Zd5P4pRM87ezyRap1WFT,False,unknown
2ba03121e2f17787fe78e9dcce2f19b17745b64337f0df7c4d159110a7f039ca,TT5iK8oqGEyRKJAnRwrLSZ4fM5y77F2LNT,TJtWL26KPmhZd7Zd5P4pRM87ezyRap1WFT,0.0,trx,1788441936000,tron,TJtWL26KPmhZd7Zd5P4pRM87ezyRap1WFT,False,unknown
74a28cb6fdc006ba8c101113d4b3d44ab44eb34c463303f8de3dfac75e0a7752,TT5iK8oqGEyRKJAnRwrLSZ4fM5y77F2LNT,TJtWL26KPmhZd7Zd5P4pRM87ezyRap1WFT,0.0,trx,1788441930000,tron,TJtWL26KPmhZd7Zd5P4pRM87ezyRap1WFT,False,unknown
6288ebad07342de17e0d8f25bb62c900e58ff983a1fa2462ee95419295d1dfc1,TJtWL26KPmhZd7Zd5P4pRM87ezyRap1WFT,TN3W4H6rK2ce4vX9YnFQHwKENnHjoxb3m9,0.0,trx,1788441849000,tron,TJtWL26KPmhZd7Zd5P4pRM87ezyRap1WFT,False,unknown
37fe2632c60ca5793c3cf4798549c5595b64fb078b3282aecbde75a6e0824a39,TT5iK8oqGEyRKJAnRwrLSZ4fM5y77F2LNT,TJtWL26KPmhZd7Zd5P4pRM87ezyRap1WFT,0.0,trx,1788441765000,tron,TJtWL26KPmhZd7Zd5P4pRM87ezyRap1WFT,False,unknown
2053be696978e63ef6828388291a03ab0e4f0cbdf2be75dad4bb2492ec09b3c0,TT5iK8oqGEyRKJAnRwrLSZ4fM5y77F2LNT,TJtWL26KPmhZd7Zd5P4pRM87ezyRap1WFT,0.0,trx,1788441765000,tron,TJtWL26KPmhZd7Zd5P4pRM87ezyRap1WFT,False,unknown
c6365a155f7ff6a535c6f3613bb1b462bbaabd672d7662795dacc2a25eadebc1,TT5iK8oqGEyRKJAnRwrLSZ4fM5y77F2LNT,TJtWL26KPmhZd7Zd5P4pRM87ezyRap1WFT,0.0,trx,1788441681000,tron,TJtWL26KPmhZd7Zd5P4pRM87ezyRap1WFT,False,unknown
f66ff362d668b6aab81787259768d92c07c71d5eab474e36a87aa2ad4853d9a2,TT5iK8oqGEyRKJAnRwrLSZ4fM5y77F2LNT,TJtWL26KPmhZd7Zd5P4pRM87ezyRap1WFT,0.0,trx,1788441678000,tron,TJtWL26KPmhZd7Zd5P4pRM87ezyRap1WFT,False,unknown
590cbf97793a53055737efa07995c256cea51971fb575d5202e63c3441072e3f,TJtWL26KPmhZd7Zd5P4pRM87ezyRap1WFT,TN3W4H6rK2ce4vX9YnFQHwKENnHjoxb3m9,0.0,trx,1788441603000,tron,TJtWL26KPmhZd7Zd5P4pRM87ezyRap1WFT,False,unknown
bbc5041d02753fa353d28ec1294443a54a7659b99177b97a286fb67f4089230d,TT5iK8oqGEyRKJAnRwrLSZ4fM5y77F2LNT,TJtWL26KPmhZd7Zd5P4pRM87ezyRap1WFT,0.0,trx,1788441519000,tron,TJtWL26KPmhZd7Zd5P4pRM87ezyRap1WFT,False,unknown
d0f97b429029056120fc3f2d287b9ec22721c9e631cb8ee54ba1715e9665d4ab,TT5iK8oqGEyRKJAnRwrLSZ4fM5y77F2LNT,TJtWL26KPmhZd7Zd5P4pRM87ezyRap1WFT,0.0,trx,1788441519000,tron,TJtWL26KPmhZd7Zd5P4pRM87ezyRap1WFT,False,unknown
89fe16e37b7aa09d6bd09471f0f9b74f524e93237cba85ac160fa0cb1bcd0dc1,TT5iK8oqGEyRKJAnRwrLSZ4fM5y77F2LNT,TJtWL26KPmhZd7Zd5P4pRM87ezyRap1WFT,0.0,trx,1788441432000,tron,TJtWL26KPmhZd7Zd5P4pRM87ezyRap1WFT,False,unknown
b80c5f276e858fcd7cd083caca0b0d01f34ebc23b3cf49c5c432dde051a71fe7,TT5iK8oqGEyRKJAnRwrLSZ4fM5y77F2LNT,TJtWL26KPmhZd7Zd5P4pRM87ezyRap1WFT,0.0,trx,1788441432000,tron,TJtWL26KPmhZd7Zd5P4pRM87ezyRap1WFT,False,unknown
afcbb0176977e5121506f660b30f971c7a3730a3f6ce946a14fb8a8ea42e3f83,TJtWL26KPmhZd7Zd5P4pRM87ezyRap1WFT,TN3W4H6rK2ce4vX9YnFQHwKENnHjoxb3m9,0.0,trx,1788441351000,tron,TJtWL26KPmhZd7Zd5P4pRM87ezyRap1WFT,False,unknown
b61b78ddd05ee45f0f2d26395a95a2cce0b4c9b452ac329be19a9cf1f48305eb,TT5iK8oqGEyRKJAnRwrLSZ4fM5y77F2LNT,TJtWL26KPmhZd7Zd5P4pRM87ezyRap1WFT,0.0,trx,1788441264000,tron,TJtWL26KPmhZd7Zd5P4pRM87ezyRap1WFT,False,unknown
d52140af36acca655b48e04525c9d73300aabb4f41f0ec33f97cb89da393d49f,TT5iK8oqGEyRKJAnRwrLSZ4fM5y77F2LNT,TJtWL26KPmhZd7Zd5P4pRM87ezyRap1WFT,0.0,trx,1788441264000,tron,TJtWL26KPmhZd7Zd5P4pRM87ezyRap1WFT,False,unknown
85ce24ba6d1a1ef16df690b0806d21235dd033714b785d092cd7c461941a3db4,TT5iK8oqGEyRKJAnRwrLSZ4fM5y77F2LNT,TJtWL26KPmhZd7Zd5P4pRM87ezyRap1WFT,0.0,trx,1788441183000,tron,TJtWL26KPmhZd7Zd5P4pRM87ezyRap1WFT,False,unknown
2efd02967c6f624e7bc48b1debd772fd0a840837e31bd6f2150de8fdf0e6c099,TT5iK8oqGEyRKJAnRwrLSZ4fM5y77F2LNT,TJtWL26KPmhZd7Zd5P4pRM87ezyRap1WFT,0.0,trx,1788441183000,tron,TJtWL26KPmhZd7Zd5P4pRM87ezyRap1WFT,False,unknown
3a21fb203719d7dcb63439baab928d4216359aeb088a6d41212c9d54e8f2bc4c,TJtWL26KPmhZd7Zd5P4pRM87ezyRap1WFT,TN3W4H6rK2ce4vX9YnFQHwKENnHjoxb3m9,0.0,trx,1788441093000,tron,TJtWL26KPmhZd7Zd5P4pRM87ezyRap1WFT,False,unknown
42bff666014a75de25dfba96251b4480b9e03abc891a9be1b25585da82ee1ede,TT5iK8oqGEyRKJAnRwrLSZ4fM5y77F2LNT,TJtWL26KPmhZd7Zd5P4pRM87ezyRap1WFT,0.0,trx,1788441009000,tron,TJtWL26KPmhZd7Zd5P4pRM87ezyRap1WFT,False,unknown
c0bcdd870969519143e0ec014bb8d03b659fd25686aa338dfe843d42b1d14101,TT5iK8oqGEyRKJAnRwrLSZ4fM5y77F2LNT,TJtWL26KPmhZd7Zd5P4pRM87ezyRap1WFT,0.0,trx,1788441009000,tron,TJtWL26KPmhZd7Zd5P4pRM87ezyRap1WFT,False,unknown
ba2815204b0aef840d878e585daa98c3e84e6d4018e69727e168c7f1336b3dce,TT5iK8oqGEyRKJAnRwrLSZ4fM5y77F2LNT,TJtWL26KPmhZd7Zd5P4pRM87ezyRap1WFT,0.0,trx,1788440922000,tron,TJtWL26KPmhZd7Zd5P4pRM87ezyRap1WFT,False,unknown
63d7decda3a7bf825f4d34dd25241415b2de449f7434425a13c274746b5e57de,TT5iK8oqGEyRKJAnRwrLSZ4fM5y77F2LNT,TJtWL26KPmhZd7Zd5P4pRM87ezyRap1WFT,0.0,trx,1788440919000,tron,TJtWL26KPmhZd7Zd5P4pRM87ezyRap1WFT,False,unknown
04752127b108426b8cbaff78716df0f89a905a9c7ae61cecb8d3ffad192a52ec,TJtWL26KPmhZd7Zd5P4pRM87ezyRap1WFT,TN3W4H6rK2ce4vX9YnFQHwKENnHjoxb3m9,0.0,trx,1788440832000,tron,TJtWL26KPmhZd7Zd5P4pRM87ezyRap1WFT,False,unknown
156e389fadd025f80d3f6eb7726bad7d14b9793a07f62d5ca9f03f5e5aeb7d42,TT5iK8oqGEyRKJAnRwrLSZ4fM5y77F2LNT,TJtWL26KPmhZd7Zd5P4pRM87ezyRap1WFT,0.0,trx,1788440742000,tron,TJtWL26KPmhZd7Zd5P4pRM87ezyRap1WFT,False,unknown
49e7b7844b7cdbd5dfb2749ec4235d4e23a31ff9ee69ed6e23adbd5a90e8f2c3,TT5iK8oqGEyRKJAnRwrLSZ4fM5y77F2LNT,TJtWL26KPmhZd7Zd5P4pRM87ezyRap1WFT,0.0,trx,1788440742000,tron,TJtWL26KPmhZd7Zd5P4pRM87ezyRap1WFT,False,unknown
43e909519c2ed1fefd009d35d52e8176cbda16a53ec97a06f9f8720c17866f23,TT5iK8oqGEyRKJAnRwrLSZ4fM5y77F2LNT,TJtWL26KPmhZd7Zd5P4pRM87ezyRap1WFT,0.0,trx,1788440652000,tron,TJtWL26KPmhZd7Zd5P4pRM87ezyRap1WFT,False,unknown
38fdd526c2d76ca8c35e1d627df5a5f6e1197daf3d67a44f3f51a29974bad9ee,TT5iK8oqGEyRKJAnRwrLSZ4fM5y77F2LNT,TJtWL26KPmhZd7Zd5P4pRM87ezyRap1WFT,0.0,trx,1788440652000,tron,TJtWL26KPmhZd7Zd5P4pRM87ezyRap1WFT,False,unknown
f97c1bc65e8aecf97e9cd26dba7cd630542f6c74040a047d6f375d0b3755367b,TJtWL26KPmhZd7Zd5P4pRM87ezyRap1WFT,TN3W4H6rK2ce4vX9YnFQHwKENnHjoxb3m9,0.0,trx,1788440559000,tron,TJtWL26KPmhZd7Zd5P4pRM87ezyRap1WFT,False,unknown
ee5d5656ac7cbaa8718bf8b0e2b2b27926b61ddd0e7b29ec1f39df9d972bccfe,TT5iK8oqGEyRKJAnRwrLSZ4fM5y77F2LNT,TJtWL26KPmhZd7Zd5P4pRM87ezyRap1WFT,0.0,trx,1788440469000,tron,TJtWL26KPmhZd7Zd5P4pRM87ezyRap1WFT,False,unknown
0d46691d3ad789389972a883e0ea84ee32ffaa7e5e9666cd34dc3e01e4f3c6d6,TT5iK8oqGEyRKJAnRwrLSZ4fM5y77F2LNT,TJtWL26KPmhZd7Zd5P4pRM87ezyRap1WFT,0.0,trx,1788440469000,tron,TJtWL26KPmhZd7Zd5P4pRM87ezyRap1WFT,False,unknown
